label,keyword
6,你干嘛
5,你能查一下
3,知道了
5,哎这怎么下
1,可以呀谢谢啊
1,啊行好嘞好
6,后续什么意思
1,可以没事好的
6,啥时候注册的
2,嗯那拜拜
2,嗯不是的
2,谢谢不需要了
2,啊不需要的
6,您是哪个哪里
1,我说好我说好
1,哎呀好嘞
1,可以谢谢哈
5,忘了我是那个
2,哦哦搞错了吧
5,没来电话了
1,行好嘞好再见
1,可以好拜拜
1,啊那也行那行
1,好ok好拜拜
1,嗯那没问题
1,啊没问题
1,啊就说好了
1,嗯这样子啊
4,我在上班
2,嗯暂时不起吧
1,这个要哦行了
1,那行先这样啊
2,嗯拜拜拜拜
2,搞错了
3,还有这样的事
2,有一个这个
5,嗯不是你打的
5,喂你是单身吗
4,嗯在上班
6,嗯去去哪儿呀
6,啊你们去哪里
2,不用了不需要
6,有你有对象吗
6,啥啥意思
1,那个行
1,可以拜拜
1,行行行我现在
1,啊好行谢谢
2,啊不是吧
2,啊就不需要了
2,不需要哈
2,啊不需要了呢
1,好的到时候
1,嗯到时候可以
2,哦不需要了啊
1,啊行需要
6,哦你们是哪的
1,行行行哈哈哈
3,呃随便啊
6,珍爱网的对吗
2,哦我不玩这个
2,要不要啊
5,啊那个我现在
6,打电话给我啊
1,行行行可以写
2,呃不要了啊
2,那谢谢拜拜
5,晚上
1,好我知道
2,啊这个不需要
1,好行谢谢
1,好就这样了
1,啊可可以但是
6,呃您这个是
4,好拜拜在上班
2,呃也不太需要
1,再看一下
2,嗯算了啊
1,行好再见
2,不不需要哈
1,ok嗯好嗯
1,到时候再联系
1,嗯这样
2,嗯不用谢谢啊
4,嗯上班
5,啊我说怎么来
1,行了一下
1,哦行好吧
6,你这边是什么
1,嗯嗯哪个
2,啊不好意思啊
5,啊我怎么你说
5,哎没事
1,可以的谢谢你
1,可以好行行好
1,好可以谢谢你
5,嗯说完情况呢
1,行行行好那个
1,好行谢谢你哈
5,嗯他打电话了
1,哦行行好的
2,我现在不是了
6,不是哪边的
2,搞错了搞
1,啊行行好吧
1,好的我在上班
1,啊好好拜拜
1,哦好好拜拜好
1,嗯这个可以
5,在干磨了怎么
1,嗯行好嘞拜拜
1,好的是这样的
2,不是下
1,那行行好嘞
1,哦ok没问题
3,啊知道了哈
1,行行行挂了啊
1,嗯好吧没问题
1,ok没问题啊
1,嗯可以行谢谢
6,你是哪个啊
1,ok行吧
1,我想搜一下啊
1,好好可以谢谢
6,是在珍爱网啊
1,可以没问题啊
6,那是什么意思
1,嗯好可以谢谢
6,你去哪儿啊
2,啊那行金命
1,行行好谢谢
2,我没有注册
3,这样吧
5,有没有啊
1,嗯可以好谢谢
1,嗯这样吧
1,可以了好谢谢
2,不不不需要了
1,也没事可以吧
2,不用了好谢谢
1,好好我知道了
2,嗯不要了哈
1,啊没问题啊
1,好知道了谢谢
1,啊那行
1,嗯ok感谢
6,嗯干嘛嘞
3,是这样子
1,喂你好呀谢谢
3,嗯看时间吧
2,不是的
4,现在我得上班
1,没问题呀
1,好吧我想你们
6,怎么说明啊
1,那好的谢谢啊
1,行行行好好
2,不是我啊
2,那个不用了吧
3,啊再看吧
1,行好的可以
1,好好先这样
1,这样可以的
1,哦那行
1,好没事了谢谢
1,好好好行拜拜
1,可以这样子
2,妈妈好拜拜
4,现在没空
1,那行吧你说
3,哦这样子是
6,你这边是哪边
1,好的拜拜再见
16,可以去哪里呀
3,嗯当时看看钱
4,我你在上班吗
1,可以啊没事啊
1,那行吧好吧
5,有什么对象
2,现在有个不要
1,ok可以谢谢
5,那个电话就
6,珍爱网吗
2,我不要了
6,这个具体情况
1,可以现在上班
6,好是珍爱网吗
1,哦好吧拜拜
3,到时候再看
4,这样没时间的
4,哦现在没空啊
1,啊说好
2,我不是打开
1,行行好好好
1,啊行行哎好
1,哦好的没问题
2,不是五
5,咱们晚上啊
5,在那个
6,你们是深圳吗
6,嗯请问你是
5,哦哦哦是不是
1,行行行好下去
6,你你是哪儿的
6,这个请问你是
2,哦不是不是
1,好好谢谢啊
5,暂时
6,说什么情况吗
5,对不这个意思
1,那好吧好
5,嗯这个的话
1,哦哦哦行幺九
1,嗯可以吧随便
1,好的谢谢拜拜
1,啊行好行好
5,啊我是单身啊
1,哦没有问题
1,嗯行好的可以
1,好的好的行好
1,哦行好可以
5,我的电话的
6,就是哪边
1,不是好的好的
2,啊啊拜拜
2,哦算了不用了
4,我这个没空啊
1,啊行吧行ok
2,不要打电话
6,不是你是谁
2,啊这个不用了
5,那个没关系
5,妈妈在这个
1,嗯嗯拜拜哎
1,好好好行了
6,嗯那个王
2,不想
3,哦这样的是吧
1,啊行行好好好
6,你们放假了吗
3,看看啊谢谢
1,谢谢好好好
1,啊我说好的
5,暂时先说吧
2,好谢谢不用了
1,嗯好要在拜拜
16,可以发信息吗
5,我不是填的吗
6,你是珍爱网吗
1,嗯ok口语的
4,好我在上班
1,那好的好了
2,没事啊再见啊
5,那倒明白
1,啊行那先这样
4,好现在没空啊
1,嗯就这样吧啊
1,啊可以了谢谢
2,他不需要吧
1,呃行没问题
1,行行行可以的
5,啊明白吗
3,我们再说吧
5,可是要那个
5,哎呀太高
1,行行行好的
1,啊好的ok
3,啊这样啊谢谢
1,这样的好的吗
1,好的没事了
1,行行嗯
1,好没事
5,好那个就
2,哎不是y
1,哦可以谢谢
5,你好啊
1,可以啊不客气
2,不用不用谢谢
6,你是珍爱网啊
5,你好咋的
2,我不是
6,你哪位呀
1,嗯先就这样吧
6,打电话呢是啊
3,看情况吧嗯
5,不觉得麻烦吗
2,那这个不用
1,那那行吧
1,哦哦哦可以好
4,啊明天上班会
6,哦你是那个
5,你们是版哦娃
2,嗯算了嘛算了
1,嗯哦就这样
2,哎不需要了哈
3,啊就这样
5,但是嗯
5,你觉得呢
2,最好不要了吧
1,ok嗯好的
2,嗯你搞错了吧
1,啊啊啊行行行
1,好行好好行
5,哦这个
1,好没问题
2,算了算了算了
1,好的不客气
1,好好的就这样
1,哦行行行好好
1,可以这样
1,啊可以谢谢
1,嗯我会ok
5,你在这个
2,嗯那个不行
1,好行的
5,就是什么
3,随便吧
3,对是这样的
1,哦哦哦好可以
1,好这样好吗
1,嗯看一下啊
1,呃可以ok
1,你好好的谢谢
1,行好了谢谢你
5,怎么呢
5,哦不是问我
4,上班时间不行
1,行好的好行好
5,怎么什么
2,呃不想说吧
5,就这种就喜欢
6,这是你电话吗
2,不是不是那个
16,可以哪个网
3,嗯随便吧没事
6,啊你哪个呀
1,好的好的没事
1,嗯没有问题
1,说一下
1,你喜欢可以吗
1,可以的谢谢好
5,注册什么了
6,没事什么事啊
1,哎好那行
2,啊搞错了
2,那不用了谢谢
1,哦行好的
6,怎么情况
5,就是在说吧
1,啊没事可以
5,嗯不是一周
6,直接打电话的
2,不要我不要了
6,你怎么知道
6,你哪位
6,打个电话给我
2,谢谢了不用了
2,啊不需要了啊
5,单身吗
1,行好的
1,可以麻烦你了
5,就是照
1,行行行行行啊
3,那个是再说吧
3,我就看看
1,可以的没事
1,好好那谢谢
1,行哎那行
2,不行这个是
1,啊可以行谢谢
2,不用了谢谢哈
1,嗯嗯好ok
5,这个有可能吗
5,哦哦哦对对对
1,好ok拜拜
16,我可以哪里呀
1,行没问题
3,那个考虑一下
1,好行谢谢你啊
5,啊有没有吗
1,哎好就这样啊
1,嗯好的没问题
5,怎么交
1,嗯可以行好的
6,最近情况
1,我说好
1,嗯嗯ok可以
6,你说啥意思啊
1,好是这样好
2,谢谢啊拜拜
5,你们
1,好嘞我知道了
5,这样不好啊
2,不不需要
1,诶行行行ok
2,嗯不需要了啦
5,但这个是嗯
1,谢谢啊好好好
1,行行行好拜拜
1,好谢谢拜拜
6,啊啥意思
5,好怎么了咯
1,哦好行行行好
5,怎么当真啊
1,嗯嗯哎呀
1,啊好行谢谢啊
1,嗯哦知道吧
6,充气情况啊
3,啊知道啦
4,那我有时间
1,诶行好的好的
1,你好二楼可以
1,好麻烦能感觉
3,行吧我再看看
1,嗯ok嗯
1,嗯好好好拜拜
2,不要什么谢谢
5,你女士
1,好好好ok
1,好好好谢谢哈
2,哦哦哦再见
1,看一下谢谢哈
6,打电话给我
5,这个东西了
5,你们没什么玩
2,先不用谢谢
2,好不用谢谢啊
6,好像你们那里
1,去看一下
1,呃这个可以的
5,哎呀你
1,啊行行好嘞行
1,啊啊行好拜拜
2,不是
2,暂时就行了
2,不是吧
2,呃暂时不考虑
6,嗯那您这边是
1,好我看一下啊
3,就这样
1,哦行好的哎
1,哦好这样啊嗯
1,可以啊没问题
1,麻烦了啊
2,不是那个啥
1,嗯这个可以的
6,嗯怎么条件呢
1,啊行行行好好
1,好的谢谢可以
5,哦不知道
1,嗯嗯ok嗯
1,啊好行谢谢哈
1,可以麻烦您了
1,可以问题
3,哦哦我知道了
1,你脱了没问题
3,哦这样啊
1,嗯可以然后
3,那我知道
2,我用谢谢拜拜
1,可以随便说了
1,行好吧好
1,好行行好谢谢
6,要不要给钱的
6,哎什么情况啊
6,每次哪位啊
6,嗯你是那个
5,有问题
1,哦行好嘞好
6,为啥我电话的
1,好的我说好的
1,嗯嗯可以谢谢
1,好就这样拜拜
4,呃现在没空啊
1,好行那谢谢啊
3,我说到时候
1,行行行哎好嘞
1,可以嗯谢谢
6,你是哪个
5,哦哦哦没人吗
6,什么情况回
1,好的麻烦了啊
1,ok ok嗯
1,啊行好再说哈
1,嗯然后呢
4,在上班
2,我需要谢谢
1,谢谢那好的
5,这个手续费吧
1,嗯到时候说的
1,行好啊
6,要不要钱的啊
1,可以谢谢呢
1,好的女士那为
6,叫什么干嘛了
1,啊然后再联系
5,喂你好嘞
2,嗯嗯我不想
1,好先这样吧
1,好行嗯
5,他不喜欢询问
2,没事没事好
1,那好的好吧
5,主要是我
1,啊诶好嗯拜拜
1,可以说没事
5,我也想说一下
2,我不喜欢不行
1,嘿嘿没问题
1,需要可以
1,行行行ok
2,呃不要了吧
1,这样子可以呀
1,行了行行行
5,这个女的
5,啊就是我的吗
1,好行好的谢谢
5,哦哦哦看到
2,哎算了不用了
1,好ok好好
1,麻烦你尽量吧
3,要不这样吧
6,中闽什么情况
1,好等一下
1,哦行好的好的
1,行好
5,这个真实
1,好吧好好谢谢
1,那好谢谢
6,嗯是啥情况啊
2,我已经
6,什么我去哪里
1,啊谢谢可以的
3,你好再说
5,好了你怎么管
6,机器人
1,好嘞谢谢拜拜
1,没有问题
1,嗯ok好的
1,好好嗯谢谢
1,嗯行好嘞可以
6,干嘛呢
1,嗯可以但是我
5,哎你好
5,下那个
3,这个再说好了
5,怎么来的呀
1,哦好好好ok
2,暂时不用哈
2,没事我自己找
1,我ok
1,ok可以好好
1,ok可以啊
6,嗯这个是哪
2,不要挂好吧
6,什么时间
1,行好了啊好
1,现在有没有啊
1,好行吧
1,嗯好的拜拜
1,嗯ok谢谢
16,行啊哪里打
1,行行行好了
1,嗯我看一下
2,啊不需要谢谢
6,具体的情况啊
6,嗯哪哪哪里
1,好的好行
1,安全好好拜拜
1,那好的可以
1,嗯可以这样
5,我的意思
1,那好吧你这边
1,查一下啊
1,好行
5,哎呀我
5,啊怎么了
5,好这个被像啊
2,嗯嗯算了我我
1,这样可以
1,ok好好拜拜
1,哦好行可以的
1,行好的啊
5,但是
1,嗯去查了一下
6,请问是
1,可以可以女士
1,好的拜拜嗯
1,我说好的好的
3,我知道了谢谢
1,好好拜拜
5,真没事
6,稍后啥意思
1,好好好这样啊
1,可以好谢谢你
6,你哪里了
2,暂时先不用吧
2,已经不需要啊
6,不是你找谁呀
1,好我是单身呐
2,不用了我那个
2,拜拜拜拜嗯
16,可以在哪里啊
6,要打电话吗
2,不是你搞错了
1,那好再见
3,哦就这样
1,啊可以ok
1,行行行
1,好好嘞好谢谢
1,你好谢谢啊
2,不用结婚了好
3,到时看情况吧
1,啊ok啊
1,好吧嗯ok的
6,你去哪里了
2,啊不用了这个
5,不客气地忘记
1,嗯先看一下
1,哦可以我知道
2,暂时还不用
5,哦暂时看吗
1,啊那行可以
1,嗯没有ok
2,嗯我已经谈了
3,你到时候再说
2,那拜拜
5,嗯怎么
1,我都没问题
5,怎么提现啊
1,啊行知道
6,相关情况
1,嗯麻烦你了
5,不是你说啥
5,这个吧是吧
1,啊那行那行
1,嗯麻烦
1,行行行挂
2,你不用吧谢谢
1,嗯现在知道了
5,你你是单身吗
2,要不要
1,喂你好吧
1,见你好可以的
5,怎么你说
1,好的行好拜拜
1,喂你好谢谢
1,可以了到时候
1,你好的好的
5,啊你们是
2,啊不要不要
5,哦就是好
2,现在不需要
1,哦好行嗯拜拜
1,行好谢谢你啊
6,这个是珍爱网
1,欣欣我知道了
3,嗯看吧
5,哦是这个
1,行好的好拜拜
1,好好嗯拜拜
5,那我这边不懂
6,你是哪个平台
6,要不要收钱
6,不要花钱吗
1,行好嘞谢谢你
1,可以啊就这样
1,啊可以谢谢哈
2,哎呦算了吧
5,嗯你怎么说
1,好行好嘞谢谢
1,行好吗
6,喂你干嘛
4,啊现在没空啊
4,我现在没空呢
1,嗯行行行
1,那好吧谢谢
6,怎么注册啊
3,看吧好吧
1,啊好吧拜拜
1,好好好行的
5,有没有平度的
6,叫我干嘛
1,啊行行行好的
2,嗯算了吧现在
1,好可以了谢谢
3,哦看看哈
4,没空没空
2,呃算了吧
1,可以好嘞谢谢
2,我觉得算了吧
1,它可以的谢谢
1,行好我现在忙
3,知道吧这个
1,行好嘞好谢谢
1,我们可以吧
2,已经不用了
1,哦行行行嗯
2,不要了
1,哦可以没事啊
5,不是说没
6,这是啥电话了
1,那好的快的
6,呃什么意思啊
3,到了知道
5,不是我想
1,好好好嗯ok
1,啊行好谢谢
2,嗯删除一下
1,嗯ok我看看
1,ok谢谢你哈
1,行行行那走
1,可以啊谢谢
1,好拜拜
5,要了解这样吧
6,啊机器人
2,好暂时不需要
2,不用哈谢谢
1,嗯这样啊
5,嗯但是如果
1,行好的好的
5,喂你有没有
4,有时间吧
1,对行行行可以
1,好的先这样吧
1,好行了谢谢啊
5,好你们
3,呃知道了哈
2,呃算了吧现在
3,啊啊知道了啊
1,行好的好谢谢
5,然后自己通过
2,现在不想找
1,我说好的
1,好可以你好了
6,不是您是哪
1,行好嘞
1,啊行行行ok
1,也行好的
1,嗯先看一下嗯
1,好的拜拜好
5,喜欢
2,嗯不用打电话
1,嗯行可以谢谢
5,你这个
1,我们可以
1,那好那
6,是珍爱网吗
1,好好知道
1,好嘞行好
2,行我就是不想
6,你们问骗子吧
3,看情况吧啊
1,喂饱你好的
5,我这个是什么
5,啊你好是吗
6,是珍爱网是吧
2,我随便写写
2,拜拜再见
2,不用交钱的吧
1,好的行ok
1,明白可以
16,可以你哪里呀
5,上面的情况
5,电话上
3,是这样吗
2,啊我结婚了
6,嗯这边是什么
4,看我有时间吗
1,嗯可以就这样
6,是那个真爱吗
6,呃你在干嘛呀
5,这个情况
3,啊您是这样的
1,哦好行好的
5,嗯现在就是
3,先这样啊
2,算了不用了吧
5,哎呀不够
5,是我是单身
1,ok好再见
1,啊这样可以啊
1,好行好再见
1,行可以拜拜啊
1,好的但是
1,查一下
1,那个好的
1,好就是好ok
6,请问你是谁呀
2,哦不需要是
1,好好好嗯拜拜
2,我有对象了
6,你哪个
5,开始时间吧
2,也不用了谢谢
6,嗯我的情况
5,嗯你咋知道
1,麻烦了
6,什么时间啊
5,你这个还要
6,嗯请问你
1,嗯这个没问题
1,啊ok好
2,不需要打电话
6,谁打电话过来
1,嗯是这样的
5,然后就好
5,啊啊今天晚上
5,那你这个是吗
1,好那行
6,你们是啥
5,就是被这种
5,三天他说那个
1,没问题美女
6,什么意思这是
1,行你你那个啊
2,拜拜嗯
4,现在还在上班
1,行行那谢谢你
3,随便了
6,哎你那个
1,哦好行嗯
5,时间电脑吗
1,你好行
1,没问题啊
4,嗯到时再上班
1,可以行好了
5,嗯那个
5,我是想问一下
2,呃不是
5,你你怎么
6,你哪个文件的
5,在这样我车辆
1,好行好谢谢啊
1,那好哎
5,大概在说好
1,那好吧谢谢你
1,可以可以谢谢
5,呃打电话
5,要学了好行不
5,嗯那那个呃
1,好好嗯好拜拜
2,没事了没事了
3,电话我知道了
6,这机器人吧
1,好好谢谢你哈
1,呃这个可以
1,没问题再见您
6,哪个
1,好谢谢好可以
1,哦好行可以好
6,有没有钱呐
6,你们是哪的啊
5,啊你说这个
1,啊行好嘞哎
2,啊我不想去了
5,没事的
6,你们这什么呀
1,可以谢谢啊
4,啊我没有时间
5,你们啥子打
5,我这边听好
1,嗯ok好好
2,我不是单身
6,需要费吗
2,我也没有注册
1,嗯嗯你们这个
1,可以的没问题
6,你们设备太贵
1,哦好好好拜拜
1,行好了谢谢啊
1,嗯看一下在家
5,啊是没事
1,行好吧这样
5,你是啥不知道
1,好好谢谢你
6,哦哦你是那个
5,哦哦没事没没
1,这样子哈嗯
1,啊行好好谢谢
1,啊行的行行
2,我跟他不需要
1,好了ok
1,可以行谢谢
2,没事没事我们
1,可以看看
6,喂你哪位
1,嗯没问题好吧
1,好行吧好好
16,在哪里可以
6,从哪玩电话
5,现在暂时嗯
4,就是没空
6,具体的情况
1,壹基金麻烦您
4,真的没时间
1,行行行可以好
1,好到时候说吧
6,那你啥意思
4,嗯我都没空去
3,呃知道了
3,我知道知道
1,好可以谢谢好
1,行行行好吧
1,啊可以谢谢哦
1,好好没事
1,这样的吗好好
5,那个离婚的
1,好好的谢谢
6,嗯你哪里
6,您那个
2,你要不要了
5,之前有倒觉得
6,嗯电话呀
3,啊到时候说啦
6,这个是哪的呀
1,啊行好嘞谢谢
6,啊你是哪位呢
5,我这边讲吗
2,啊不是好
2,啊谢谢你拜拜
1,行行行行可以
5,有没有不去的
1,好行是
1,刚刚没问题的
5,嗯你们这个
2,不想讲
1,这个也可以
5,就是没有
1,好好拜拜再见
1,好行吧好
4,你好我是上班
2,不是啊
1,啊啊好ok好
2,要不要我
1,可以ok
6,我的情况啊
2,我这边已婚
6,哪个发什么
1,好行行行好啦
1,你好可以可以
1,嗯行拜拜
6,呃什么情况啊
6,嗯请问你的
1,好行谢谢啊
6,机器人吧
1,好知道了好
1,嗯行好再见
1,行好嘞谢谢
2,我已经有了
6,嗯请问一下
5,我这边是
5,有打电话
1,好好这边是
2,不用打电话
5,哦那个是
2,哦哦算了吧
1,好好好先这样
16,好你是哪儿啊
6,啥情况别说了
5,嗯然后我就是
1,啊行行行拜拜
5,嗯这个现在
5,诶你好再见
4,我晚上有时间
6,啊你那个
1,啊好好谢谢啊
4,小站上班嗯
5,嗯不是你这样
1,看看可以
1,啊行好谢谢啊
3,你怎么知道啊
5,您电话了
1,行好的谢谢
1,那行啊谢谢你
1,可以谢谢
1,哦哦哦可以行
2,我注册的吗
5,这个是真的吗
2,那你有对象啊
1,哎没问题嗯
1,啊好好谢谢哈
1,谢谢啊可以吧
2,嗯不需要了好
1,可以的谢谢哈
5,我都没搞明白
1,ok呀
1,哎好行
5,我也不是会员
1,好这样子
3,啊你好再说吧
5,嗯情况啊
2,行不用了谢谢
5,诶这个颜色的
5,嗯不是这个
1,嗯好那没空啊
1,好女士
5,你是啥这个啊
5,你们是一所
3,这样说吧
2,嗯不要打了
2,不用再说那个
2,哦不用谢谢
1,可以但谢谢
1,哦那行吧
2,嗯这个不用了
1,那行吧行吧
2,不需要谢谢啊
5,就是
2,不需要啊
5,啊明白明白
5,打电话
6,你你是干嘛呀
6,请问
2,我有注册吗
1,嗯可以在哪里
1,好的就这样
5,我的是对象
2,算了算了算
1,嗯可以没事
1,哦好的拜拜
5,是川南这边吗
1,好行好了
1,那行吧好的
5,嗯是那个多少
5,啊我说一下
1,嗯嗯拜拜谢谢
5,嗯就是对象吗
3,呃到时候
1,嗯好ok好
1,你可以谢谢
2,这个不用了吧
1,那好好拜拜
2,那这个不用了
2,嗯不需要
6,不是您是谁呀
2,嗯不需要了呢
1,好行就这样
5,怎么可能
16,可以啊哪里的
1,行好可以
5,不是真的
3,嗯随便呢
2,我都不需要
1,嗯到时候说吧
1,好行的好
2,不需要挂
5,但是说的说吧
5,哦对象的是吗
6,你们是哪家啦
5,就是冻结吗
1,好的行好的
6,啊你是哪位啊
1,可以嗯谢谢啊
1,啊啊ok
2,哦哦不需要
5,我想问一下
2,别打电话
2,呃暂时不用哈
1,啊可以啊那行
2,不说算了
5,打电话吧因为
1,ok谢谢了
1,没问题没问题
1,嗯好行嗯拜拜
6,你们说什么呢
1,哦行行行可以
1,嗯行好再说吧
2,嗯暂时不需要
1,那行那行那行
1,啊行行行再说
6,嗯招什么情况
5,我是对象啊
1,可以了知道了
5,明白了
1,不客气好的
6,干嘛手机关联
1,啊好好好谢谢
1,核验没问题
1,好好好拜拜嗯
1,可以可以没事
1,好行好可以
2,今天不需要
1,那好吧好吧啊
2,嗯不需要吧
1,行我看看吧
2,啊算了
6,对对对干嘛嘞
2,啊不需要吧
2,没什么需要的
1,嗯嗯没问题啊
5,你这个是什么
1,啊行行可以
1,可以啊好行
1,啊那好吧行好
3,到时候呗
1,那好的好好
6,不需要交钱吧
3,啊那我知道
5,是你们个单
2,不用打电话吗
3,好吧再看吧
6,嗯你干嘛呀
1,你看一下
1,哦可以行谢谢
1,快点ok
2,嗯暂时先不用
3,嗯我看看啊
2,啊你好不用了
1,喂你好了感谢
2,不要了我
1,好好行谢谢
3,到时候再说呗
2,不需要忙着呢
2,然后不需要了
6,是珍爱网啊
5,然后下车了
6,怎么个意思啊
6,你好你是
1,好可以谢谢
3,这样子啊
1,行麻烦您谢谢
1,行好谢谢您
3,看看谢谢
5,我就是挺多吧
2,哎不要啊
1,嗯你们可以
5,嗯怎么了你说
1,行那行那行
5,嗯暂时说
1,啊好行了
1,那好吧好嘞
1,是这样吧好吧
1,嗯可以的没事
2,不是不需要
2,不用谢谢
1,行行好的好
1,好这样可以啊
1,可以可以ok
2,这个是不需要
16,可以你是哪儿
2,那不需要了哈
2,啊有没有老婆
5,就是广州的店
1,嗯谢谢可以的
5,就是您是什么
6,啥子情况
6,到什么情况
6,谁打电话给我
2,哦不需要这些
6,还能打电话吗
1,好行好好好
6,你哪里来的
1,诶呀没问题啊
1,可以啊谢谢了
6,医生怎么情况
5,哦哦哦挂
5,哦这个没事啊
1,行好嘞好
1,嗯嗯ok嗯好
2,结婚的
1,知道了好好好
1,行行行好嘞
5,啊这个
1,对对行行好
1,等一下可以啊
2,不是了谢谢啊
3,哦这样
1,嗯好行
1,哦行行
1,行我知道
6,你们是哪个王
1,好可以那这样
6,是什么意思啊
5,哦就是看吗
2,算了不需要
5,看不明白呢
1,行那行
1,啊看一下
1,哦可以ok
1,行行好拜拜
3,这样子吗
2,不用打了谢谢
5,那对象啊
1,这样子可以
1,行行行谢谢啊
1,啊没问题嗯
5,这边电话古典
3,哦到时候
1,哦ok好的
16,那行那家的呀
6,嗯机器人吗
5,嗯就是在说吧
1,那可以好谢谢
5,怎么说啊
5,然后我还有好
6,谁给你打电话
5,哦哦你这个是
1,哎行行行好
1,哦了解一下吗
1,嗯好就这样啊
1,可以那然后呢
1,行好的没问题
2,不可以谢谢哈
3,啊随便了哈
6,那电话打是吧
1,哦好好谢谢啊
6,哦合适对象
1,不是可以的
5,怎么听清楚
1,ok和你说了
1,啊对ok行啊
6,好你去哪儿
1,嗯嗯好了拜拜
3,还还要这样啊
1,好像这样子的
5,女士嗯
1,哦行行好
3,啊这样子啊
1,看一下
1,可以谢谢好不
5,吴女士
5,我们本地的
1,诶没问题
1,好行嗯拜拜
1,好的没事可以
1,我的可以这个
6,珍爱网子
3,你这样子
3,啊那我知道了
1,嗯好好拜拜
1,嗯没问题
5,我是单身
6,什么情况说了
1,行好嘞啊
2,我不需要
1,好谢谢好拜拜
1,哎行行行可以
1,嗯ok好啊
5,是把那个网吗
5,对呀怎么啦
2,电话不用了
6,你这什么电话
5,呃我比较喜欢
5,哦不是在说吧
3,看吧到时候
1,哦行行行好嘞
2,不要要了
1,这样啊好吧
1,嗯好的算了
3,啊盗走再看吧
6,您是哪位
1,啊也ok了
1,哦可以到时候
5,嗯现在怎么见
1,我看一下好的
6,你是哪个那个
1,嗯行ok
2,我当时不要吧
1,嗯可以这样呢
1,那行就情况
1,可以你好阿姨
2,哎不想
2,不用了麻烦你
1,行行好嘞好
1,哎可以哈谢谢
5,你们这边是
5,喂喂你好喂
1,可以谢谢了
4,这很忙没时间
1,行好嘞谢谢哈
1,哦好行可以嗯
1,好行了哈
5,嗯暂时嗯
6,是哪儿啊
3,之前知道呃
1,哦哦哦ok
1,啊行行行呐
1,好行谢谢拜拜
1,行好好拜拜嗯
1,好好的好谢谢
1,就是行好好好
1,那好嘞
16,可以啊哪个网
1,行好谢谢拜拜
2,呃不是了
2,不是不可以
1,好行可以的
5,我想问一下啊
6,所以你是那个
1,喂你好的
5,二电话
5,打电话不
2,嗯不需要哦
1,好麻烦好麻烦
3,哦这样子的
1,哦行行可以
1,嗯嗯好拜拜
6,你是哪个呀
1,可以呀怎么啦
1,行行行好谢谢
1,好的好就是好
1,反正没问题
2,需要谢谢
5,院这边他家里
1,嗯嗯嗯拜拜
6,我要打电话吗
1,嗯先这样子吧
1,好好好知道
1,可以可以但是
5,你了解
5,我那个嗯
6,我也不想花钱
5,嗯单身
1,可以好谢谢
5,那你们的
1,行好再见啊
1,哦不是可以呀
2,不是你
6,离婚了吗
5,嗯字怎怎么说
3,随便
1,可以可以问题
2,啊不需要了我
1,后续行好嘞
6,嗯哪里
1,好谢谢啊可以
1,好好行好了
5,关键不是
1,好好麻烦
6,要注册完是吗
1,哦好好谢谢哈
6,请问吗
5,然后我
5,幺零就是有的
1,好好看看谢谢
1,好的好行行行
5,你们都有
5,哦哦哦上山啊
1,行行好嗯
1,啊行好或者说
1,可以谢谢谢谢
3,哦到时候先来
1,哦好行可以
5,因为不好意思
2,需要不要不要
1,好那行好谢谢
6,打电话过来呀
1,可以然后呢
5,我说哎呀你
1,行行好嘞啊
2,那算了吧
5,你们这是弄啥
6,怎么什么情况
6,哪个男漏了
1,那ok可以
1,这个好吧
1,好的没有问题
6,怎么治疗吗
1,ok好好好
5,哎呀麻烦
1,好吧我上班了
1,啊好行行行
5,啊这个啊
6,嗯请问
1,那个哎可以了
1,好到时候再上
2,呃不需要了
1,好好挂了谢谢
6,不是你那边呢
1,那行谢谢拜拜
6,那现在干嘛
5,怎么想的啊
5,我说晚上
3,退款看看
3,见面了随便吗
5,有没有了
1,嗯好行可以
1,好了拜拜好的
5,这个呃
6,给我打电话
1,啊行好可以
6,嗯您是哪个吗
1,嗯到时候这个
2,这个很算了哈
1,啊行行吧
6,你这个是
6,啊你听一下啊
6,女士
1,行行好嘞诶好
1,好好好拜拜
6,你是这样玩的
1,都可以的谢谢
2,我不是单身吗
1,我们都可以
6,你哪位啊
1,好那先这样
4,我是没空啊
1,嗯可以的谢谢
1,知道了嗯
6,联系哪里
5,你们是吗
5,怎么不行
1,好吧就这样了
2,嗯不用了暂时
1,可以就这样吧
3,帮他再看吧
5,你你俩我你好
1,好就是好拜拜
6,哦然后呢
1,嗯谢谢啊拜拜
2,搞错掉了吧
1,行好嗯
5,嗯我这边没
1,那行的
1,好嗯拜拜
3,早知道了
1,啊可以谢谢好
1,行行行你你
5,绑定在那个
1,这样子啊好行
1,哦好可以谢谢
1,可以说一下
5,这个很快啊
6,那怎么联系
2,不要了谢谢
1,好的珍爱网的
1,嗯那行没问题
5,女士写名嗯
1,好的好的这样
1,那好吧好吧
1,嗯就这样哈
5,你们是想
1,谢谢嗯好可以
1,啊可以没事挂
5,哦哦哦哦可
5,那个喜欢盒子
3,呃看一下
6,啊怎么了你说
1,好的对象直接
6,哪里人的
6,麻烦你说什么
5,但是我们自己
1,好嘞行ok
1,行行行好啦
2,说了就不要再
5,嗯什么意思啊
1,那好行行好好
1,行行行行好嘞
3,哦这样的
5,嗯这个电视的
1,好的你看一下
3,啊看吧嗯
3,我再看一下
5,怎么会
5,你好梁先生
5,不过您可以加
5,卡号
1,行行
16,可以加微信呗
5,预览的哦
5,是什么意义
1,嗯c
1,呃好
5,口里啊
1,得到了好可以
6,啥子来往的
5,你当不当森吗
1,我好吧行
5,叫你了
5,你说支付宝
5,有两项能
5,哎在服务
5,魏晨qq
2,有毛病
1,好嘞好嘞嗯
5,我是唱歌的
5,下面里面
2,我搞的玩的
5,号码
1,呃好的
5,你看我家里有
1,早上好
1,对呀嗯
5,八糟的
5,嘿嘿
1,好的好的哈
5,啊听不到
1,好了好吧
5,快挂
1,哎行好谢谢
2,我说我已婚了
5,我选了吧
6,跟谁说啊
1,嗯当然可以嗯
3,好了不说
1,行那去了
1,嗯行嘞
5,哦我跟你说啊
5,这是要
5,对对对像
2,我操你妈
5,见笑啊
5,嗯没跟我最近
6,好那听清楚
5,嗯是我
5,嗯我是在网上
5,二十七
1,我也行
5,快递呀门口
1,哎好要的
16,可以加微信吗
5,你你等老师
2,你他妈的吗
5,嗯你爸去余额
1,好了好了哈
6,会不会骗人
6,嗯谁呀
1,哎好嘞好
1,好谢谢了
1,哦好的谢谢啊
1,哎哎好谢谢
1,好谢谢好了好
1,好谢谢啊谢谢
1,好谢谢你哈
5,那谢谢谢谢
1,嗯好谢谢啊嗯
1,行谢谢你
1,行行谢谢啊
1,啊嗯谢谢
1,行吧好的谢谢
1,好的谢谢啊好
1,行那谢谢啊
5,啊啊谢谢
1,嗯你谢谢你
1,啊行吧谢谢啊
1,对对谢谢
1,行谢谢啊好嘞
1,啊好谢谢
1,好了好谢谢啊
1,嗯对对对谢谢
1,行了好了谢谢
5,哦谢谢谢谢
5,谢谢了啊
1,行行谢谢哈
1,那谢谢了好嘞
5,那谢谢你了
1,嗯谢谢的
1,诶好的谢谢你
1,谢谢谢谢好哎
1,哎好嘞谢谢啊
1,好的好谢谢
5,啊我说谢谢
1,行吧谢谢啊
1,好的那谢谢了
5,谢谢啊哎
1,好啊好啊谢谢
5,谢谢了谢谢了
1,嗯好的行谢谢
1,诶好的好谢谢
5,杨谢谢
1,好谢谢好
1,好嘞谢谢哈
1,嗯我妈谢谢
1,诶好嘞谢谢啊
1,好嘞好谢谢你
1,谢谢好
1,好的谢谢
1,好的好谢谢你
1,嗯就去谢谢
1,呃好谢谢
5,哦那谢谢啊嗯
1,对的谢谢
1,啊好嘞谢谢
1,好那谢谢了
1,好挂了吧谢谢
1,啊好了谢谢
5,诶你还没谢谢
5,谢谢谢谢谢谢
1,行行谢谢
1,好了谢谢啊
1,好嘞谢谢你
1,哎好谢谢你
5,香谢谢谢谢
1,啊啊好的谢谢
1,你帮我吧谢谢
1,那行谢谢
5,我说的谢谢
5,啊谢谢
1,啊好的谢谢啊
1,啊好的吧谢谢
2,那我用了不用
2,嗯不用了不
2,用不用不用
2,啊我先不用
2,嗯不用不用好
2,哦那就不用了
2,哦不用啊不用
2,那我也不用了
2,不用不用吃
2,嗯你不用了
2,不用了我有了
2,呃呃不用了吧
2,啊也不用
2,就不用了
2,是不用了啊
2,弄了不用了
2,嗯是不用了
2,那不用了吧
2,啊应该不用了
2,哦哦不不用啊
2,嗯不用啊
2,不用吗
2,最近更不用打
2,不用打给我了
2,不用了你来吧
2,嗯就不用不用
2,哎不用了哈
2,不用了我朋友
2,不用
2,可以不用死了
2,嗯不用了啊
2,不用啊不用啊
2,不用放了
2,哦不用打了
2,啊不用了吧
2,呃呃不用哈
2,噢不用不用
2,啊不用了
2,嗯不用了不用
2,还是不用了吧
2,挂了吧不用了
2,不用报不用吧
2,是不是不用
2,不用吧我就
2,嗯应该不用吧
2,不用不用这个
2,嗯目前不用
6,你是是什么
6,什么鬼啊
6,你是什么来的
6,你那是什么吗
5,懂啊送什么
6,您看什么
5,什么什么什么
6,你是说什么的
6,你说什么来着
6,啊您这是什么
5,那说什么啊
5,你想说什么不
5,是什么什么呀
6,什么时
6,那这请什么人
6,你说什么时候
6,你您是什么
6,哎你是什么吧
6,叫什么啊
6,我是什么来着
5,什么什么
6,你是什么你说
6,啊什么时候啊
6,我说你叫什么
6,什么您说
6,嗯是做什么的
5,好什么
6,你什么时候啊
6,你做什么
6,你说是什么
6,能听到什么
6,我您您说什么
6,呃说明什么
6,啊你你说什么
5,有有什么用呢
16,嗯嗯什么时候
5,嗯那什么呢
6,你这是什么
6,那你说什么
5,嗯叫什么我就
5,什么指什么车
6,啊啊什么什么
6,啊说什么
6,嗯什么玩啊
6,我说什么时候
6,你说什么玩吗
6,我什么时候
5,什么好
1,哦行可以的
1,行可以嗯好的
1,啊好的可以
1,可以听
1,嗯好嗯嗯可以
1,嗯可以的好吧
1,可以吧行吧
1,那也可以
1,哦可以可以呀
1,吻你可以啊
1,哦可以的啊
1,嗯可以好吗
1,可以可以哦
1,可以可以嘿嘿
1,好的行可以啊
1,嗯可以对
1,可以的嗯
1,好可以吧好
1,哎可以的好的
1,嗯好啊可以
1,可以的哈
1,可也可以
1,可以呀好的
1,嗯可以呢
1,可以可以放
1,可以的是吗
1,我可以啊
1,嗯嗯啊可以
1,嗯好也可以
1,可以可以提醒
1,可以可以呀
1,嗯好的可以的
1,哦行吧可以啊
1,啊可以啊嗯那
1,嗯可以嘛可以
1,嗯可以
1,那可以可以啊
1,行可以吧可以
1,啊那你可以
1,啊我说可以
1,可以呀你
1,这也可以
1,啊可以可以
1,行吧可以的
1,嗯可以好了
1,对了可以
1,嗯嗯可以行吗
1,哦可以啊行啊
1,啊那也可以
1,可以啊嗯
1,呃可以吧啊
1,嗯可以啊好的
1,可以你
1,嗯你可以
1,我可以嗯嗯好
1,嗯行了可以啊
1,啊可以了啊
1,啊可可以可以
16,可以加你
1,好的可以嗯
1,呵可以
1,行啊可以说的
1,你可以在
1,好可以的好
1,可以可以具体
1,行可以可以
1,好可以好的
1,好可以好可以
1,呃可以可以嗯
1,嗯想可以
1,可以啊嗯好
1,嗯可以的哈
1,哎您可以嗯
1,哦好可以吧
6,你是现在网吗
4,我现在在车上
1,好我现在绑好
16,你现在有吗
1,啊现在好嘞
1,啊现在可以
5,我现在就完了
5,现在有可能吗
5,现在啊
6,现在跟你说吗
5,我现在在福建
1,现在就说呀
5,可是我现在是
1,哦现在没有啊
2,嗯现在不了
1,哎行我现在在
5,现在在工地呀
5,哦现在还嗯
4,啊现在没有空
1,现在可以啦
5,你现在吗
5,嗯现在多少
1,可以呀我现在
5,啊现在我
1,现在没有是吧
5,诶现在
2,现在先不用吧
1,好的那现在说
5,现在我妈
1,啊现在嗯嗯
4,好现在忙着呢
5,那现在
4,工作现在
5,嗯现在说吗
5,有吗现在
5,你就说现在
4,好我现在忙哈
5,现在说国语吗
5,我现在在
1,哦现在打吧
5,哦我现在海南
2,哦现在不用
5,你现在是最晚
5,嗯现在啊
1,现在就说吗
1,好的我现在那
2,现在是不是要
4,我现在外地啊
5,我现在没有
5,您现在联系
5,现在呢
4,行我现在忙了
3,把他再说吧
3,啊你说再说呗
3,好负责再说吧
3,是跟我再说
1,呃好的再说吧
3,再说吧好吧
3,啊再说吧那就
1,哦行再说吧
1,嗯嗯好再说嗯
3,他再再说吧
3,嗯明年再说吧
1,嗯再说吧可以
3,嗯那就再说吧
4,啊哦有空再说
3,嗯高再说吧哈
3,啊到时再说了
3,后面再说吗
3,哦那再说吧啊
1,好的再说吧啊
3,哦那就再说
3,哦哦再说吧哈
3,对大学再说啊
3,再说吧就挂了
3,他们再说吧
3,你再说
3,嗯您再说吧
3,啊那就再说吧
1,打扰你再说哎
3,好吧再说吧
3,好了再说
3,那他再说呗
3,到时再说吧啊
3,嗯再说吧啊
3,再说您看好吧
3,嗯到时再说哈
3,啊你再说
3,好再说吧嗯
1,嗯好再说
3,噢再说吧
3,嗯再说吧哈
3,有好多再说嘛
3,转了再说吧
1,好的再说嘛
1,哦可以再说
3,嗯后期再说吧
3,再说吧再说的
3,嗯后期再说嘛
3,呃再说吧哦
3,啊迟点再说吧
3,好了再说吧
3,导致再说吧
1,啊行把着再说
3,啊到时再说吧
3,呃再说吧什么
3,那以后再说吧
1,啊再说行可以
1,啊行再说好吧
3,嗯到时再说
1,啊好的再说吧
3,哦回头再说吧
3,我说你再说吧
3,会再说
1,哦好再说吧嗯
3,你再说吧
3,嗯再说吧是吧
3,哦后面再说吧
3,嗯你再说好吗
1,行再说吧
1,啊可以再说吧
3,啊你再说呗
1,行再见啦
1,好再见啊嗯嗯
1,哦行再见啊
1,哦好再见哈
2,吧再见啊嗯
1,行啊再见
1,好可以好再见
1,嗯可以嗯再见
1,嗯好再见哎
1,哦好的再见嗯
2,哦再见啊
1,好好的再见
1,好嘞再见
1,嗯好再见
1,好好的再见嗯
1,嗯那好再见
1,可以啊再见啊
1,可以好再见
1,嗯好好再见
1,好好好再见嗯
1,嗯好再见哦
2,啊谢谢再见
1,可以再见好的
2,啊没有了再见
1,好嘞谢谢再见
1,好再见啊
2,嗯再见啊嗯
1,哦好好再见啊
1,好的好再见
1,嗯好嗯再见
1,哦好那再见
1,好了好了再见
1,好的再见啊嗯
1,好的好再见啊
1,好的行再见
1,嗯行再见啊
1,嗯好的嗯再见
1,好好再见
2,啊再见啊谢谢
1,好好好再见哈
1,可以的好再见
1,啊好嘞再见
1,可以啊哎再见
2,啊那再见
1,行再见啊
1,嗯好吧再见啊
1,嗯嗯好再见
1,嗯行再见
1,好好嗯再见啊
1,好的再见啊
1,好嘞好再见
1,好的好好再见
1,好的好的再见
2,会员再见
1,好好嗯好再见
2,啊再见谢谢
2,嗯再见吧
2,嗯再见好
1,嗯谢谢啊再见
1,哦好再见吗
1,嗯再见好好
2,啊再见再见
1,嗯好好好再见
1,好再见
1,好好再见哎
1,好谢谢好再见
1,好的嗯好再见
1,嗯好再见嗯
1,嗯嗯再见
2,谢谢再见
1,您可以再见
4,那你忙再见
1,嗯好的再见哎
1,好好好再见
1,可以嗯再见
1,啊啊好再见
2,没有必要谢谢
2,不用没有没有
2,我没有没有
5,赔付费没有
5,没有中国城
5,没有权限了
5,没有啦
2,不用了没有了
4,没有我在忙呢
2,啊我没有我
5,没有听
2,没有病吧
2,呃不用了没有
2,好像没有我
2,没有没有见
5,嗯我没有针对
6,可是我没有钱
2,哦没有没没没
5,没有对
5,我没有找到
2,我好像没有
5,你认识了没有
2,没有不用了
2,没有提交过啊
1,好好好了
1,嗯好好好
1,噢好好
1,我说好好
1,好好的
1,啊好好好好好
1,好好要的
1,哦可以好好的
1,啊好好要的
1,好好好好好
1,可以好好的
1,好好好可以的
1,好了好好
1,好好好好再说
1,哎你好好
1,哦好好吧
1,好好我
1,哦哦好好好
1,哎哎好好好
1,你好好可以
1,嗯你可以好好
1,嗯好好的嗯
1,好好好嗯哎
1,我好好好的
1,哦好好好好的
1,好嘞好好好
1,啊好好可以
1,哦行好好的
1,哦哦好好好的
1,好吧好好
1,嗯好好好好
1,好的好好好哎
1,哎行嗯好好
1,啊可以好好
1,好好好你讲了
1,啊行好好好好
1,好好要得
1,啊好好吧
1,没关系好好好
1,啊啊好好好
1,嗯好的好好的
1,嗯好好好嗯好
1,嗯可以好好嗯
1,嗯好好的可以
1,好好好好ok
1,嗯可以的好好
1,好好好送你
1,哎好好好美女
1,好好好中中好
1,好好好我睡觉
1,好好的好
1,行好好
1,好好行可以
1,哦好好好嗯
1,哦好好挂了啊
1,哦可以好好
1,好好的行
1,嗯好好好好嗯
1,好好好挂了啊
1,嗯好好
1,好的好好好
1,好好嘞好嘞好
1,好啊好好
1,啊行好好
1,好嘞好嘞好好
1,我向好好
1,那好好的
1,啊行了好好好
1,好好很好
1,啊啊啊好好好
1,好好对呀嗯
1,好好好好吧
1,加一个好好的
1,好好好我在忙
1,好好好你说
1,好好好好那行
1,好好可以
1,好好了
1,好好好真的吗
1,所以可以好好
1,好好好哎
1,好嘞好好
2,呃这边不需要了啊谢谢
4,因为我这哦我正在开车我不不说嗯
1,好好好ok ok谢谢再见
4,我在开我在开车不方便好吧
1,好好好谢谢你我这边有点四s
1,好的好的好的南昌的你那边
1,好谢谢你们了哦
6,呃我现在是蒙的到底什么情况呀
1,可以的但是我现在在比较忙不好意思哈好吗晚一点我再联系你们好吧
2,啊这边我自己关注谢谢你
5,搜索明天又重新
2,啊那个谢谢你们不用了吧
6,嗯你这是你到哪边的
1,可以可以谢谢哈好再见
1,ok ok谢谢谢谢
2,不用谢谢啊我是注册是晚点啊ok
2,不用了我自己在网上看吧好吧
6,那那到底是什么晚啊
2,啊先不用了柜面再说把那规定需要我再联系
5,打开打电话查一下
1,好好好先这样吧
5,哦哦那个到周林是我现在正在举报
1,可以可以好我我现我现在这件事
2,不客气不用着急了我先看一下哈
1,ok我看看可以
16,可以我想问一下就是那个学历那个可以改吗
5,不用客气了我对他已经胖了
4,哦我现在我现我现在在上班呢
2,我说我想打电话不需要联系我
4,我现在高速路上呢信号不怎么好哎
6,我没听你说啥但是这边送是很大重新说一遍
1,ok好嘞谢谢你好
6,请问你是哪位啊
4,我现在吃饭没空接见
2,哦好我自己再那个网上再看
1,好好我这会正忙抱歉
3,嗯这边后期再说吧啊
1,没问题但我不知道年龄太小了
4,所以说我现在高速上没空
1,好的好的谢谢啊我现在这边很吵
1,可以可以的好好行好谢谢
2,不用打电话了我可以就是说抱着欧朋的态度这样看一下就好了你们不用那个专门给我打电话然后有个事情我想说一下就是我在注册的时候我那个学历填错了就是我写错了我是本科两个本科麻烦您帮我改一下好吗
14,好谢谢我正在开车好
34,我现在开车子完了再说哈好吧
2,这个我自己先到网上去看就行了我刚注册
1,哦行好谢谢好好好
1,可以可以可以好先这样哈现在有点事哈
2,不要我我现在就是原来一个线下的姑娘现在正在
1,嗯好的谢谢嗯好的ok行了嗯
6,我没听懂的是哪个单位是什么意思啊
3,哦那考虑一下啊
1,哎好的ok谢谢你啊
6,我说这个需要电话联系吗
1,可以可以可以那就谢谢你们了啊
3,这个再说吧那个谢谢你们
1,可以ok没问题谢谢你
1,可以可以我现在还在学校在高速上
4,啊不好意思我现在没时间然后那个我现在明天没事
1,可以请教教有高速给的
3,我这边呃再说吧谢谢你啊
3,可以考虑一下了
1,可以到时候再了解吧
1,好的好的不好意思啊再不方便我现在在开车了在高速上面看不好意思哈
3,好先这样啊在忙啊谢谢
1,潮汕可以的ok
1,好的好的行好好好谢谢
6,嗯你到底在说在看嘛啊对
6,嗯没听明白你重新说
1,ok好谢谢你好谢谢
5,喂你这样吧重新出去有人上
6,这个不是网上自己聊吗怎么还搞电话这么麻烦
4,我现在在我现在在开车不是很方便你有空了支付宝吗
2,啊我现在还没有那种意识我那天就在手机上翻一下现在我孩子还在上学啊我闺女还在上学还有儿子还有儿子也在上学
1,ok ok可以可以
3,这个这个再说吧哦
1,好的好的好你是哪边的
1,啊可以啊那我现在已经好先这样拜拜
6,我没有申请这个什么协商什么线下的问题
6,嗯你你是哪位啊
1,我现在没有时间我现在到时候再联系吧我现在在开会好吧
1,好的好的ok好谢谢好再见
1,好的谢谢我现在正在开车哈
6,那我自己在网上我自己说我不能告诉你吧
6,嗯那你到底找我有什么事吗
1,行可以好的ok
5,我我是那天的都在无聊我直接咨询资料我都刚好现在心还可以么我都打开这项管管件这个意思
6,是你你是哪位啊
2,啊我不需要不需要那个那个网上不不靠我我不想我们这边自己自己找吧好吧谢谢
3,啊到时候再说吧我这边确认一下吗
2,啊不需要了吧如果我需要的话我再联系你们好吧
1,ok可以好拜拜
2,怎么不用了没用啊
3,刚在说吧好吗再说哈好
6,意思是干什么啊
6,您您这个电话是人工客服还是智能机器人
5,我最近到底不在嗯
5,哦我那个是头上我谁正在玩儿的没没当真啊
5,哎我们打开今天周六周日看着不像可以
6,你们是哪个单位的
6,你这是什么情况吗但到底到到底能不能使用你这是不是忽悠喽
6,你说什么你说什么听清楚的单位
4,我现在刚下班再重新扯上了
6,我不知道你到底想说什么
2,嗯暂时先不需要有需要的话我再我再我再找你们吧好吧
1,好的好的谢谢哈好
1,可以吧反正你们学历等学历不高
4,我在开车现在不方便
6,你你是你是哪边的
6,嗯你现在是线下是吧
6,因为我看那个都是都是外地的哈没有这种因为我想的就是南昌南昌这一边的
6,你是哪个单位啊
5,那个我就那个那个弄一下的我我这好像弄了个会员什么正在怎么晚了正在玩了
6,喂你再说一下我没听清听不清楚
2,没有啦没有啦好再见啊
6,啊你到底什么情况啊
6,呃是你们是哪哪哪哪边的就是在广州那边是吧
2,好的那我随便看看而已不用不用
3,哎呀我考虑一下吧
6,啊你你说什么麻烦重新说一遍我刚刚那边有点吵
2,我可以自己在网上这样子看还是我就弹不出付款
2,不用给我打电话了什么我不接受线下服务好吗
2,我现在我只算正上网我只是看看这到底是怎么情况这样子我自己因为我是离异的
6,所以你是哪边啊
4,先这样吧我在洗澡我很累等一下再说吧啊
2,我现在没用了我
1,ok好谢谢再见
14,好了我在吗没事拜拜
16,好的你是哪位啊
3,哦到时候再说吧反正我看你那个反正也也怎么的我就随便上来看看我
2,你们这是线下的吗我自己找我不想要线下的这种这种
16,可以啊那个学历可以改一下吗
4,啊我现在正在开车没明白了
16,啊好哇我问你呢你也在南昌吗
1,可以啊你是珍爱网里面的工作的严重啊
2,啊不客气我现在还不想找
6,你家你是哪位你先回家
3,我考虑一下再说好吧
1,对啊对啊先这样哈好拜拜
4,我现在不在国内下面说也没用
1,好的好的不客气
6,啊你再你再重新说一下
2,这个不用啊我上面先看见吗我也不会用先随便看看去
1,啊好这个再说哎好好
4,到时再说哈这个有点忙
6,我只想知道你是哪位啊
6,你是哪位吗你是哪哈
6,我问你这个到底是那个
4,我现在打开了嗯现在还没有空啊满有点麻烦问你那个呃快递单号的嗯
3,啊那这边我再考虑一下吧可以吗
6,我说你们是哪边的
1,行好好行好谢谢你哈
6,你们是呃主动联系的不是我们自己去网上找的吗
1,不客气的可以可以
1,行好的好的好好谢谢
2,不用了如果真有的话他自己回家那个备案网上
6,抱歉我刚才那个可能是信号不太好没听明白你前面所说的
1,我这个礼拜六用可不可以啊明天后天也没用啊
6,啊我说你你说你说什么你重新给我再说一遍可以吗
6,对我之前那个那个那个学历好像是没有看然后直接写了你能帮我改一下那个只那个学历吗
4,我在没空哈好吧
1,可以可以好先这样那行
4,啊我现在正在开会然后有时间聊好吧
6,你是不是人工机器人
6,嗯你是哪个单位
6,哦那个呃正在往是不是那个呃珍爱网的呀
1,ok好的好的谢谢啊
6,我是名字哪位啊
4,我现在在开车不方便说
1,好好好先这样啊
14,好等我有时间吗现在太忙了我现在准备开会有时间再说好吗
3,那我要考虑一下了我现在没考虑这个问
1,先生我正在开车好吧好吧等一下再给电话
1,好好现在不方便啊我怎么在满啊行好拜拜
6,嗯你这是哪边我看是广东深圳
6,我说你你哪位啊
1,嗯嗯谢谢不客气
1,行好的好的好好好好
4,啊对我这里在高速上现在不是很好
1,好的好的我现在在外面开车不方便说话
1,啊行好谢谢谢谢好好好
1,好好好先这样吧干什么
1,啊ok好的谢谢
1,啊行好的好好好
6,你说线下的线下的还
1,啊ok行行行好好谢谢啊
6,不是我说你哪里人哪个单位的
1,好吧好吧我现在可以开车打电话不方便好吧
1,啊可以可以可以好先这样我有点事比较忙
1,好的你们哪边呢
3,嗯我再考虑一下
1,好好我现在没空给你的哈好的
1,好的好的ok谢谢
2,你这个再说也要家了你妈了个臭逼了
6,你是你是机器人还是人工啊
5,打开麻烦你太多了没吃到
3,考虑一下吧算了吧
6,你们这是属于线下服务是吧
2,这不太好不需要后续这个线下服务吧
1,可以可以ok ok
6,你不是什么单位
1,啊没有那个就是好ok好谢谢啊谢谢啊没事好
5,之前注册过但是好像没用
1,ok可以可以好
6,啊那边人哪边的人呢
2,这个暂时不用还但是没有这个服务哈好谢谢啊
1,可以你是人工还是机器人啊
3,这个可以考虑一下
1,可以啊你哪位我问你是哪一位
5,你要看下那我来我来你不用上学了我来拿明天下去了没关系的你给我
5,我用手机它那个打开不到你们那个真话如果
2,不是我昨天就是在在那个心情的登记的现在没用了
16,呃我要我要找我也找南昌这边本地的因为我在这边定居了在南昌这边定金知道吧
4,嗯近期可能我这边不太方便
6,你叫我说什么再说一次
2,不需要我说我说我说不需要吧这个就是我们自己在网上不是可以流量吗
16,可以我也重新该做什么
6,哦是机器人吗自动的人工的
6,这个还需要你再跟我联系是吗
6,你重新说一遍好吗没听清楚刚才
1,可以啊您您那个是什么一个单位呀
1,可以好先这样哈
5,你咋骗你意思你单位的看法呢
6,你是哪个单位的
6,喂你好请问您是哪边的
16,好谢谢你这边是因为那个总部是吗
5,那可能如果达不到标准的话那那不是没用吗那女士这样的因为想过啊
1,哦可以的不客气好
2,在看到我考虑一下吧暂时不需要
1,行好嘞好嘞好嘞好好好
3,哦哦考虑一下吧哈
6,不是你是哪边的杭州的吗
14,现在在忙哈晚点再说了哈好吗
6,你什么情况你给我你说什么哪个单位的
1,好的好的好的谢谢你们麻烦你们了啊
1,可以了好了好了ok
1,行啊你到底是录音的还是人人在说话的
2,不用啦我这个登录不上没用的我现在说吧谢谢啊
2,啊不需要的联系
1,可以好的不客气
4,晚会吗这会开着车不方便在高速上面
6,你们这里你重新说一下你你说我购买什么啊
6,你再说一下说给我说清楚一点我还没听懂
1,好好行好谢谢啊
6,可是你是哪位呀
16,以前有晚点来电话吧好的
5,我以前都说明过
5,你那里我我知道你内意思因为我以前我跟我朋友有去过你们转出那个是是那个
5,我想我以前已经去过了吗
5,你你说的那个我以以以前不是我真的以前跟我妹妹争的现在是我登上去的那她现在有男朋友了我现在是我自己
6,他说我和你说我以前具体情况吧谢谢你关心你听好了
5,这样吧以前没听清啊挂了
1,好的以前有个人跟我联系的就是你们这个战网的后来那个时候是家里人给我介绍的我就拒绝了
5,我想以前呃又了解过很多然后我一直都没去吗没时间
2,啊不用了我不想她伤心好再见啊
2,哦不好意思我现在不想找
2,嗯我那个下岗的不想找
2,我不想再再有第二次了
2,你说你现在不想
2,嗯不用了我现在不想找
1,可以可以好好再见啊拜拜
1,啊可以好再见啊
1,可以啊好再见啊
1,可以的好谢谢再见
1,可以可以好我我在网上申请有事再见
1,可以可以可以好那我先忙有事啊谢谢再见
1,可以可以好再见
1,哦可以可以好的好的再见
1,好好好可以可以先挂了哈这边女士再见
1,可以可以好谢谢你再见
1,好可以好谢谢啊再见
1,可以的好再见啊
1,可以可以你好再见
1,可以可以再见啊再见
1,可以你转了转再见
1,可以好的再见我现在忙着呢
1,好可以的好再见
1,好的好的赶快给我介绍一个我现在还单身着呢
6,你你现在跟我讲话需要给我介绍还是怎么办
6,呃你给我那个介绍是吧
5,可是被就是有介绍词
6,就把你介绍给我还是介绍别人
2,不用了介绍婚姻的啊
6,你给我介绍朋友啊
1,可以啊最好是把你自己介绍给我喽
1,嗯有核实的你就介绍吧
2,首先是这样非常感谢你们但是我现在呢今年不考虑好吗
3,哈哈那这个我还没考虑呢
1,好到时候再说吧现在没有这没考虑这个事
3,你你听我说你听我说我考虑再三
2,好像我现在没有这方面的考虑呢
2,我不是之前给你们讲过了嘛现在不考虑这个事吗过了年再说吗
2,啊我绝对不会考虑吧退了
2,啊我现在不太考虑因为这边学业为主
2,啊不用了我上次还不想考虑
2,我是先不用了先不用了谢谢
2,不上不用了不用了谢谢啊
2,不用了不用的谢谢
2,不用不用不用没有时间啊谢谢
2,不不用不用不用不用不用了好谢谢
6,不好意思我现在在老家呢
34,嗯再说吧我现在忙啊不好意思
4,啊不好意思啊我现在没时间好吧
14,现在在忙不好意思好的好的
4,嗯我现在在忙呢不好意思没
1,可以的谢谢啊我现在在忙不好意思啊
1,好吧好吧我现在在忙不好意思哈
5,我说我在那住时间
4,我现在没时间呢
4,现在没时间现在在忙
4,板现在在我现在没时间啊
4,哦我现在没时间等下
14,嗯嗯嗯忙的没时间呢
4,我现在忙啊没时间
5,说明就点订购啊
1,可以等会我先说明一个情况先跟你说明一个情况
1,好的因为你要要说明情况就是我还带着一个两岁的女儿
6,嗯说明具体情况怎么做呢
1,那你就是是可以的说明一下这个具体再说
6,说明之后是怎么联系呢
6,给我打电话说说明什么情况
6,你是说说明我现在的具体情况吗
6,向他们说明我的具体情况是吧
6,您说明自己的情况
6,给我打电话说明情况啊
5,对象到时候再打电话向您说明
6,说明说明什么具体情况
2,你不用啊先不用说明我最近忙
6,为什么要说明具体的情况啊
6,具体情况说明怎么样
6,说明他的情况吗
1,可以就就是我内网怎么那天没送到那个一直在的
2,好吧我就是玩玩那个而已
2,就是不需要了不需要而且我昨天就是无聊选的完了
1,就是我就是我弟弟实在是想找一个女友啊
5,就是比较上时间呢
5,哦哦我想我是安徽的就是主要主要是我就
1,行但是我自己我我是就是要求就是无锡的人应该是在无锡的
1,可以的就是我没空气我现在一个人在手电
5,我想问你就是界面是通过你们这个网开始
6,你们这个是就是有就是提供了一些专线服务吗还是就是这一块是怎么样
5,就是交了在休息呢
6,呃我我问一下就是你啊你我试试原先是那个注册的是吧那时间还是
1,好的我就是关注一下
5,你们就是别人就是你的顾客必须要
3,好后面再说我现在在南站退款
4,后面呃现在比较忙后面再说吧等过完年后
4,再说吧我在外地出差呢
16,哦不是我先从上班应该提前的跑再说
3,要是再说吧好吗
14,行我我做有点事儿嗯咱们后续再说啊
1,到时候再说吧好吧不要每次在我正常的时候你们给我打进电话
14,到时再说吧哈我有事先挂了哈拜拜
1,嗯行吧后面再说吧
3,嗯到明年再说吧
1,可以的可以的我那个我过过几天我会抽时间有空的话自己注册一下登陆一下
2,嗯就不用了吧我自己看一下吧
2,不用了吧我自己先看一下吧
2,我能自己了解一下就好了
2,不用了我自己先了解一下要的话我得跟你们说
2,没法给我我会自己看一下好吧现在这个好吧
3,这个再说吧我我只要打电话我自己看看吧我只是好奇给你看一下弄一下
2,先不用我这边看的我看已差不多自己联系一下
2,嗯嗯哦我自己先了解一下吧不急
2,我自己观察一下吧不用了
1,哎呦谢谢你啊好好谢谢
1,行好好谢谢谢谢
1,啊好的好好谢谢哈
1,哦你是什么你是呃好了谢谢好好
1,嗯好好好谢谢啊
1,好的好好谢谢啊好
1,啊谢谢啊好好好
1,好的好的谢谢你啊好好
1,好好嘞好嘞行谢谢啊好嘞
1,好好好先挂了谢谢
1,啊好好的好的好谢谢
1,好嘞好好谢谢哈
1,好好好谢谢啊可以
1,好好好谢谢谢谢好
1,好的谢谢好好好
1,啊可以的好好谢谢谢谢
2,嗯你要打电话啦
6,你你们给我打电话吗
14,啊到时候在打电话我晚上最后在上班不好意思
6,嗯我不是很喜欢打电话的方式
6,怎么还打电话呀
1,可以的打电话就行了
6,哦哦就是打电话给我对吧
5,说我在打电话了啊
6,谁告诉你给我打电话的
5,我才打电话了是吧
6,你是说谁打电话呀
6,给你打电话了吗
1,啊行打电话就行我不会弄网啊就打电话我能接的
4,我说你有事打电话我上班不方便接
1,哦行行行那方便的打电话吗现在就想嗯上班了好吧
4,诶我现在有事我在上班不方便跟你聊啊
4,我现在在上班不方便说这些
2,就别打电话了吧因为我上班也比较忙不方便接私人电话有时候上班的话我也接不到可能就是
1,好好因为我现在在上班在公司不方便
1,嗯可以我现在上班不方便好吧
1,可以的行我现在在上班不方便接听好吧
6,啊你你大概说一下好吗
1,你在我问一下加我也给我留言也行吧
5,那我先给你说一下
2,我需要了那天我看了一下
2,我先问一下我的资料是谁提交了啊不好意思啊我先问一下我核实一下好像我没有提交过
2,不用的不用的我是进去看一下只是看一下而已
1,行可以好谢谢啊
1,啊可以了谢谢啊
1,可以行谢谢你啊
1,可以嗯谢谢了啊
1,啊可以的谢谢哈
1,可以好的谢谢哈
1,诶可以的好谢谢
1,可以的好谢谢你啊
1,可以好谢谢了啊
1,哎可以呀谢谢哦
1,啊可以可以谢谢谢谢非常感谢
1,可以啊行谢谢你
1,好的谢谢可以可以好谢谢
1,好的好的可以好谢谢
1,可以啊谢谢你了啊
1,可以那谢谢你了啊
4,我这会有点忙可以一个是通过什么方式的
6,具体情况什么怎么样具体情况
5,姓名叫前天不要前面不用救命吗
1,好的好的我先现在先先忙吧
5,先挂了吧我这儿出了点事儿我现在还在办事儿呢这段时间
1,好现在我儿还在加班没沙发九点在沙发
1,就晚上晚上最好不要打
6,我说是本地的吗
4,我在开车听清口大厅
1,好我看一下别给我说到时候又让我运费优惠啊什么的
5,嗯那工作月底差不多十八号丢了改成现在
1,哦哦是这样啊可以
1,好吧我暂时行这样吧
1,可以的好是这样坏了
1,好的好的那先这样啊
2,不需要你这样更舒服
2,就这样吧不需要了哦嗯
6,我说你说什么对这样
1,嗯好的那那那这样啊
5,可是你不是这样了吗
2,那不用了这样那了
1,好的好的那就这样啊
1,好就这样我不懂诶
1,可以但是我工作的地点在云南昆明
5,但是我家釜山杭州家在东北
1,可以我但是我上班呃很多次电话不好接
5,但是你发威士忌的手机他会会很慢
1,可以呀但是我我要求是在我们这附近的最好近一点的吧
1,好的但是吧好吧我去休息
1,可以啊但是我没有去关注啊
5,但是不是我看我这来电显示
4,但是在说吧你现在在上班的好意思啊
16,好但是一般来讲都是要六点以后给我打电话会好一点啊
3,啊到时候在看嘛啊
1,可以可以到时候再说了啊
3,到时候再说吧我真的很忙
1,好吧好吧到时候再说吧
3,那到时候再说吧挂了啊
1,嗯到时候再说吧哈谢谢
1,嗯到时候再说吧谢谢啊
1,到时候再说吧嗯好
1,再再说吧现在一件事你到时候打电话行了
3,我到时候再说吧
1,哦到时候再说吧好
1,嗯到时候再说吧嗯可以
3,啊那到时候再讲吧
2,嗯我现在不需要谢谢
2,是是现在不需要了现在不需要了啊这怎么谢谢你啊
2,嗯嗯现在不需要谢谢
2,聊了不需要了现在啊谢谢啊
5,是我以前别人先把它退出了都所以登上去看看找下
2,还是送吧因为我已经退出来了吧是吧
2,你你叫我看看支付宝还是怎么来的对不对然后你退出了
2,我听的不是图片没发嘛我现在所以现在还没有我想先退出再说了我怎么样
5,想了想退出泸州那边太远呢
2,我我那个网络我退出来了我没有去看呢
2,我问的是我退出的真奈网哎
2,不用了不用我觉得我在那上边填了如果太麻烦了我一会儿退出啊
2,不用了吧我觉得没有什么意思所以说我后面我都退出登录了
2,还没退出了我暂时先不需要
2,我是主要带了两个女孩然后一般买了接受不了所以那个我就退出来
2,不需要我那天只是看到那个广告然后登的好玩的然后登上去了怎么退出来我都不知道怎么退出来
2,嗯不要不要谢谢我
2,嗯不要了不要了谢谢
2,不要吧呃不喜欢骚扰好吗谢谢
2,谢谢啊先不要先不要谢谢
1,嗯好的没问题啊
1,啊行可以没问题好
1,哦好的好的没问题
1,嗯可以可以好的没问题
1,嗯好的没问题好的
1,可以没问题这个
1,可以没问题没问题
1,嗯可以的没问题
1,呃这个可以行没问题
1,好吧可以没问题啊
1,可以了没问题呀
1,哦可以啊没问题
1,可以啊没问题呀
1,可以没问题挺好谢谢啊
1,好好好可以啊没问题啊
1,啊可以啊没问题
6,什么情况啊什么呀我都没没弄明白呢
6,什么意思分销不能说明白吧
6,呃我不太明白你的意思
6,啊你这嗯什么意思啊我没听明白
6,我没听明白了有什么事是什么情况什么意思啊
6,嗯我刚没明白你是什么
6,我等会我还没弄明白你说的你你说的是什么什么关注
6,我就听不明白你说什么
4,但见啊什么意思呀我没听明白就在工作
6,嗯不明白你是什么意思
26,可以个屁啊你在说什么呢我听不明白
6,不是你要跟我说明下你你是什么身份的是什么意思我都不明白
2,诶没有没有没有没有好谢谢
2,我们是法庭的没有所以没有离婚证
2,啊我没有我没有注册
2,没有吧我我有吗
6,不是你你的意思是什么
6,我不知道什么情况什么什么意思
6,具体情况是什么意思我要怎么说
6,你现在打电话是什么意思呢
6,一有什么什么意思
6,什么意思啊你这个
6,这个电话打过来是什么意思
6,我还没没卖什么意思
6,嗯我不懂是什么意思
6,什么意思吧你说
6,不是你你打电话给我什么意思
6,什么意思卖金鑫
1,好好好的好的好
1,啊那好的好好好
1,好好好ok好好好我现在看见
1,好好好我知道了好好好就是电话是吧我看一下吧我在开车
1,哦好的好的好好
2,有哪八百年千万不用了啊可以啊好啊好好好好
2,啊没什么你不用了不用了好好好好了好了好好好
14,啊啊好好了啊我现在忙好了
1,哦好的好的哦好好好
1,哦好吧好吧好吧好好
1,好好好你想改呀
1,好好好好好好谢谢哈
1,哦行可以的好好好好
1,好的好的啊好好好
1,哦好好好好好咳咳我想起来了哦不好意思哈现在还没有好
1,好好好现在在忙
1,好了好了好了谢谢谢谢
1,嗯好的好的谢谢啊好的
1,行嗯那谢谢你了
1,好的好的行谢谢啊
1,好的谢谢你了啊
1,哎好的好的好的谢谢啊
1,好的好的那谢谢你了啊
1,好的好的行谢谢
1,好的谢谢好谢谢你啊
1,可以好谢谢啊谢谢谢谢啊
1,好的好的好嘞谢谢
1,行那谢谢你了啊
1,哎好嘞好嘞好嘞好嘞谢谢啊
1,好的好的好谢谢哈
2,那个我是弄弄完了我不需要了谢谢
2,不不需要不需要那个说是房子正好完了呀
2,不需要你那个你爸爸我那个撤掉吧好不好
2,好那个不需要谢谢啊
2,不是这个不需要了吧我是那个玩的
2,不需要不需要不需要我自己那个就可以了这只是一个辅助手段哈
2,啊那个啥我不需要那个可以注册注销吗
2,不之后了那个不需要
2,却不需要没那个心情
6,你是人工啊还是那种语音语音助手啊
6,你们这是语音还是人工呀怎么就一直在说一句话呀
6,你是人工还是语音啊
6,你是语音还是人工啊就这个事
6,我说你是说要什么人工提现是吧
6,你是电脑还是人工啊
6,是人工还是电脑
6,你是人工还是那个字
6,你这是电脑还是人工
6,你这是人工还是
4,现在暂时在上班报一下
4,我说我这会正上班的
1,啊行吧现在那个上班听不见
1,好我现在上班好吧
4,那那那那那不好意思我现在正上班挂了啊
1,啊可以我现在上班呢
1,好好好现在上班哈
1,好的好的现在我在上班啊
4,啊再说嘛我现在在上班好吗
1,好好好我现在在上班
4,我现在忙的我现在上班又再说好
4,我现在在上班不好意思
2,嗯不需要了好吧谢谢
2,啊不需要的好的谢谢啊
2,嗯不需要了啊谢谢啊
2,呃不需要了啊谢谢
2,啊那个我不需要了啊不需要帮我那啥了谢谢啊
2,啊不需要啊谢谢啊
2,啊不需要了不需要了好吧谢谢啊
2,我不需要不需要谢谢了
3,嗯到时候再联系吧啊嗯
1,好的到时候联系呢
1,好好好好到时候有到时候再联系哈
3,嗯到时候联系吧
3,到时候电话再联系吧好好好
3,呃到时候再再联系呗
1,可以到时候联系吧
3,哦哦到时候再联系吧
3,我我这段时间不是很方便到时候再联系好吗
3,嗯那到时候再联系了
3,到时候再联系了好吧
2,不用啊到时候再联系啊
3,嗯到时候联系吧哈
6,我说你这边什么情况婚姻介绍所吗
6,你让我说了些情况呢
6,什么情况你说一下吗现在
6,可是他的情况现在怎么样
6,你这个是什么情况来的
6,啊那个那你现在想问我家孩子情况呗
1,可以呀如果说我就说你我的情况你们了解吗
6,啊我怎么什么情况啊
6,嗯那你现在你打电话我是是什么情况呢
6,我不知道你说什么这个什么意思我不知道
6,我都不知道什么啦
6,哦我知道你们这个有什么要求
6,嗯我不是我不知道你们做什么呢我进那个
6,不不是你你知道谁跟我合适吗就是我在什么你都不知道嗯
5,那什么证不知道
6,不知道是什么东西不好意思啊
6,啊啊我不知道你做什么
6,现在我都不知道在说什么
1,可以的可以的好的好好
1,好可以可以好好好
1,可以可以好的好的好好好
1,哦好的可以可以可以好好
1,可以可以好好就这样我现在在忙
1,可以可以好好好好好
1,好好的可以可以
1,知道可以可以可以好好好好
1,可以可以谢谢好好的好
1,哦好好好可以可以
1,可以可以好的好的好好
1,啊可以可以可以谢谢啊好好好
1,好好好可以挂了啊
1,可以可以可以好好
1,好好可以的可以的
1,啊可以可以好好谢谢啊
1,你们说可以啊可以了可以了好谢谢啊好好好好谢谢啊
1,可以可以可以你这个经常给我打电话不太好
1,这个是可以的可以的好的好的
1,可以但是我更可以可以更改电话吗我这个手机准备不用了
2,这个可以取消吗
1,可以可以我这个那啥注注册不上呢
1,可以啊你看一下这个文章吗
1,可以的你现在可以帮我你这个是什么
1,可以可以就是这个这个好像是要办会员是不是
1,哎我可以你这个你这个是深圳好吗你是
1,就按照这个就可以了
1,可以吧可以吧我现在上班也不也不好说这个好吗
1,那行吧现在这个在工作不方便说话好吧
5,啊我现在说话啊
4,哦我现在在上班不好不好说话
4,这样我现在忙着不方便说话啊
5,诶后面后面说话啊
5,他妈的qq人说话是吧
1,那可以发以后再说话
6,你你是真人跟我说话还是系统的给我打电话
6,你听我讲都不让我说话呢
6,你是你怎么知道我电话
6,喂喂喂你好你怎么知道我的电话的
6,嗯你这边是你怎么会有我的电话
6,嗯你怎么知道我电话呢
6,呃你怎么有我电话
6,你为那像个站啊你怎么知道我的电话呀
6,我说你怎么有我电话
6,嗯你怎么知道我电话
16,可以你怎么知道我电话的
5,不知道我的电话
6,你怎么知道我的电话
6,你你怎么有我的电话呢
16,可以我说请问一下你怎么知道我的电话的
16,好的您怎么知道我电话啊我是在这网上的嘛是吧
16,可以哎你们怎么知道我这个电话的
6,你们这些忽悠人的我就有点不相信了好吗
5,嗯这些都不是很喜欢呢
2,算了吧因为这些东西好多东西的
5,嗯完了之后你把他电话这些
2,单方面再说吧我现在就这些可能就是说对这些还不太感兴趣
2,谢谢你我真不难搞了这些人都不可靠谁都没有用还得靠自己我不想再找了谢谢你
2,可以的但但是我就这边不用把我已经有目标了这些
1,的好的可以可以这些资金
2,那个不用了我说那个我看吧现在暂时不考虑这些东西吗
2,你好暂时先不用了吧
4,哎你好有没逼的上班
1,你好可以的谢谢
1,嗯好的好的好的你好
1,好的好的谢谢你好
6,哎你你好你说下你是什么晚
5,您好您好您好你好你好哦我现在是单身怎么啦
5,你好你那个六这个卡优惠
5,你好稍等一下我再了解吗
5,哎你好就是我家你
1,好好的好的现在我也没空看
4,哦哦我现在没空
4,我天天上班没空
14,后面再说吧现在没空拜
1,可以的现在我没空
4,啊哎我现在没空啊这个很告诉
4,现在是这样昂现在没空啊
2,目前目前不用吧我想我就是想了解一下这个这个方面因为之前没有
2,噢这样子啊目前考虑工作的事情是吧
2,目前目前不需要我后后续有有需要的话打你这个电话
2,呃我目前不需要
2,不要了现在目前不了谢谢啊
1,可以呀好像目前单身呢
1,啊行行好嘞那个到时候你得给我打电话吧好吧
1,哦行行行好就这样啊
1,幺三行行好的谢谢啊
1,好的行行好嘞谢谢
1,啊行啊行行好嘞
1,行行好的好的好的谢谢谢谢啊
1,啊行行好吧好吧
1,哦行行行好好了
1,行行好的好的好嗯
1,啊行行行好的没问题
1,啊行行好嘞知道吧
1,哎行行行好的好的那谢谢你了啊
1,好的好的好的行行好谢谢
1,好好行行好谢谢谢谢
1,啊行行好的谢谢
1,行行行好的好的好的哎
1,好好行行好的好的
1,好的可以谢谢您啊
1,可以可以好的谢谢您哈
1,好的好的谢谢您啊
1,可以好的谢谢老师谢谢您好的谢谢你
1,可以啊可以啊谢谢您
1,哎可以谢谢谢谢谢谢您您是在那个在深圳吗
1,可以谢谢您谢谢
1,好的好的谢谢您
1,好的行好谢谢您啊
1,好吧可以可以啊谢谢您啊
1,诶可以可以好的谢谢您了
1,可以行好的谢谢您啊
1,可以可以好的好的谢谢您谢谢您因为我现在有点忙我这工作的电话啊
1,行行好谢谢您啊
1,可以可以没有了谢谢您啊
1,可以我那我现在有点忙啊
1,好好到时再说吧啊我现在有点忙
1,嗯好的好的你现在有点事你过一会再说吧
1,好可以现在我有点不方便好吧
1,好吧因为我现在没有在不见了所以说也有点不方便
14,好了现在有点忙
1,好好谢谢啊我现在有点忙
1,啊好的好的好的我现在在有点事哦在忙哦好的可以的好谢谢你啊
2,现在像现在想不用了吧行我这边有点事儿
1,好嘞好好谢谢我现在有点忙待会等一下
1,可以的我我就是有点忙了我得上班
1,到时候再说吧好吧我们现在在上班有点忙
1,行行好好现我有点事有点忙啊
1,好的我现在有点忙
5,你知道你知道多少年龄吗
1,好的知道了知道了可以了哈
5,啊你你知道你啦
5,我是想问一下你是不知道这是我帮助
3,我的哦好我知道了
5,你知道啊等年龄呢
1,啊好的我知道了
3,哦哦知道知道嗯嗯
16,可以但是我想问一下你是从哪里知道这个电话他知道消息的
6,嗯嗯我知道知道我说你都不让人家在上面聊天的你根本就卖贵中哎
1,啊行行行我我说这个注册的什么
1,啊行行行那行谢谢啊拜拜
1,好的好的行行行也是天猫
1,行行行我知道了啊
1,行行行那我再问一下吗谢谢你啊
1,行行行就这样吧再见
1,行行行那我再来呢
1,啊行行行了好了
16,行行行咱沈阳的是吗
1,要的要的行行行
1,行行行我现在在忙不好意思
1,行行行你说的是百合网吗
1,行行行我现在有点急事好拜拜
1,行行行我现在开车有点忙
16,行行行你是坐爱网的客服啊
1,啊行行行因为我现在在外边吧
6,是什么时候的事啊
14,好那下午上班的时候不行就那个什么吧不上班的时候给
6,什么时候开始收费证明现在问吗
16,哦行行行什么时候打电话
6,啊一般都什么时候这电话比较
6,我我是什么时候录的
6,你你什么时候帮我找一个
6,我想问一下我这个处理员什么什么时候注册的
6,我什么时候有注册什么东西呢
6,嗯是什么时候注册的
5,嗯身份时候在看呢
6,我说什么时候打电话
2,我我我本人没注册过呀
1,好的我不是我不我不是本人上海人
2,啊两个三十七八了目前就应该做个吧我不是本人
5,不是我本人我这个我都怀疑我在手机我在现在我的几个牌子
1,好的行你妈她本人打电话给我
6,你是做什么活动的
6,你现在跟我说你想说什么
6,好像那个要什么注册什么
6,就什么什么你你们那边
6,什么呀你说什么呢
6,可是我什么都没有啊
6,我给具体情况有什么
6,你说吧什么事吗你说
5,这个月我就没有再任何什么什么版
16,好的好的我我也没听清你说什么
1,什么你告诉我好的好的
6,我说我没搞明白就这个东西就这个就这个就是我我是在西瓜视频上面看我我在西瓜视频上面看那个看那个视频发现有这么个软件的然后我就没搞明白这个软怎么用是必须要下周外网这个a p p吗
2,哦这个我暂时没有这个需求现在我在外地你是贵阳的嘛对吧
5,做了这个首页好
5,呃这个先不让他了我现在
5,你你这个授权吗
2,不是这个这个这个你说那个网网银卡好长时间没登过了
5,我这个客户没动过
5,这个这个是就是大庆的喔
2,不需要了这个选择看过不好意思了
2,因为现在我没这个心情呢
2,不用你这个幺七六的
1,可以三个月推明的那个广东的太远了这样
6,哦这就是一个广东吗
5,你那边怎么是广东深圳那边的啊我还以为发了电话了吧
6,你这不是广东的吗你这个
16,可以呀你你这个电话号码是广东深圳的啊
5,快点了我就广东了解的
6,嗯你们你这里你这个电话是广东深圳的
6,你你这边是广东深圳呢
1,可以的我在广东做事的
6,你这边不是在南京的吗是在广东啊
2,我的结婚了不用了
2,我对结婚了我才会需要什么注册我就吃过那个开玩笑吧怎么结婚了呀
2,不用打电话了我不结婚
2,你整错了吧我的结婚二年了怎么这样啊好了
2,我马上结婚了货币了
2,五回来呀结婚了吗
2,我暂时还还不怎么想结婚呢
2,我不知道是我结婚了
26,不用给我找被骗了我这辈子不结婚了
3,嗯这个以后再说吧
1,行谢谢啊我现在有点忙那个然后以后再说这是按了啊拜拜
14,以后再说吧我现在忙呢
5,啊对对对以后买啊
3,啊你以后再说吧好吧
1,可以啊以后以后再说呗好
5,方便是吧以后是吧
3,行以后再说吧好再见
3,啊好以后再说了啊
3,以后再说吧以后再说吧啊
3,行我啊这边改签有什么事以后再说吧
1,点以后六点以后啊上班不可以接电话
3,嗯以后再说吧好吧
2,暂时不用不用了我那些弄的玩的
2,嗯不用了我暂时不找了
2,暂时先不用了谢谢我那先不用了
2,暂时不用吧这个不用了
2,好暂时不用暂时不用还啊我在我就看了一下而已的
2,我暂时不用因为我现在出了一个
2,暂时先不用了因为那是注册的玩的
6,哦我想知道你是咋弄的我号码号码的
5,嗯号码提醒你哈
6,问你这个号码是成都的吗
6,我不禁你是怎么知道我的号码没
6,你不要用手机拿过来这是你的这个号码吧
2,没有我们没注册过好啊你以后不要打这个号码
6,你怎么知道我的号码呀
2,不用也不用了不用了以后不要打电话如果有合适吗你把我号码给他或者把他号码给我没有吗就是
6,欠你的号码发给我啊
6,嗯就这个号只能是深圳的号码
6,啊你你这个号码怎么是红的呀
16,好为什么你们什么老师的电话都是用时号码打了不是你们官方的号码打开
6,哎呦你怎么有我号码
2,你能搞错了吧这号码刚买的
6,我说你怎么是深圳的的那个电话呀号码呀
6,嗯我是说你这个号码怎么是深圳的
2,不需要了吧我感觉也没什么用啊
1,哦好的你都没什么啊
5,他只是关注而已官就是刚才有没什么那个没什么关系
3,到时候再说吧我就传上去看一下可以没什么事吧
2,没什么了挂了吧
2,现在我这边没什么时间了我就麻烦了
1,啊好嘞好嘞谢谢我是我注册完我还没什么上武汉
1,行好的好的好的不好意思啊好嘞好嘞好再见
1,啊行好吧谢谢啊
1,啊行好后面的时候好吧你现在上班了吗
1,行好谢谢麻烦了
1,好的好的行好嘞谢谢啊
1,行好再见好拜拜
1,啊行好的好的谢谢
1,啊行好一点好的谢谢
1,啊可以可以行好谢谢啊
1,好的行好谢谢啊
1,好的行好的好的行好嘞
1,好嘞好嘞好嘞好嘞行好嘞我现在忙了一会儿再打吧好吗
1,行好的好的好的好的好的
1,啊行好嘞没问题
1,行吧行好可以啊
6,你到时候打电话干什么
6,应该是干什么呢
6,我说你是干什么的
6,也不是干什么的
6,我先问你是干什么的
2,那个不需要因为你们干什么呢
6,嗯干什么的干什么的
6,我问你是干什么的
6,哦你是干什么的
6,我说你们干什么的
6,你说什么你干什么啦
6,你说你你干什么的吗
6,不是你你什么质保啊你这莫名其妙的说什么呢
6,不是啊那个男的关注有什么用啊
6,不是不是你你你那里是什么
6,不是您是什么事情
6,不是不是你刚才说的是什么我没有听清楚
6,不是我说你是做什么的
6,不是一直做什么的
6,不是不是你刚刚说什么我注册什么
6,啊不是不是你把那个什么给我取消了行吗
6,我就说的不是才说是什么呀已婚的呀
6,不是你那个是什么你说的
6,不是你说的什么
6,可是我现在没有在东莞啊
2,我现在没有没有这个心心情啊
5,我我我那个没有经络因为他要id说我没有开起来
1,可以吧我我们现在是离了离得不过那个还没还没有
1,啊现在还没有是吧
2,你先跟别人说吧我还是不用的喽
2,啊不用说了现在我就是朋友有在谈呢别人介绍的
3,我都能再说吧就是我给别人控制他现在他他没有回话都能和功能我跟你联系好吧
6,是你给我打还是别人跟我打
5,我的什么不是别人了解
1,哦好好听我小姨我小姨也注册会员他说什么什么时他正在跟别人什么别人在聊啊怎么教教什么年费也是他也是刚开始用吧
1,好好好好好我这这这这这外面开车在外面比较忙啊
4,哦哦这样我在外面
4,这样我心想对我现在在外面有点吵
14,到时再说吧我现在在往外在外面
4,身份证亲妈生的啊我现在在外面有事情打电话给到姜桂之性方便的
1,好好谢谢我现在在外面
1,可以吧哦因为我现在不方便我现在在外面
5,哦我这是那天是在百度上面嗯进去的吧
2,呃我想自己进去里面找
2,哦不好意思我当时是点进去不
5,我把我这把钱进去打起来然后就点这是这起的
6,那个是要会员的我才才能进去文武
6,然后呀充会员的充不进去了呀
5,啊好不好要给你进去才知道算了手段
6,我说你不在重庆吗
6,哦你们重庆这边不是有那个a p p他也有看到的嘛他给我联系过的
6,啊你这个电话好像是四川的吧重庆的
6,呃呃可可是我今年媒体的媒不在重庆吗
6,我在我在重庆这边啊
1,可以我是重庆人
6,嗯我现在不在步骤啊我现在在重庆
1,可以可以我我是重庆这边的
6,你说我发现你这电话是重庆的呀这么远的
6,哎我看你那个电话是重庆那边打过来的
2,啊对不起对不起打错了
2,你肯定打错了对不起啊你是不是打错了
2,你个打错了但是
2,你打错了没有这个电话拜拜
1,不是信号不在啊你明天再打给我吧好不好
5,我我就跟你这订一下下好不好
14,我现在有点事我等一下我给你打电话好不好
1,嗯看情况再说吧好不好
1,好的好的我刚好在上班好好不好
1,我现在都有点忙等一下我打电话给你好不好
14,后面再说好不好我现在这会在忙
5,啊你给我电话发不出去就行了嘛好不好
2,不用了谢谢大家了好不好
2,啊我就见到他了哎算了这那就先这样好不好
1,我现在上班呢晚上打电话好不好
2,不用我已经有了
2,不用了解了不用来电了我也真的已经结婚了啊
2,不用了我已经撤掉了
2,啊不用了不用了现在已经已婚了哈谢谢啊
2,可能不用吧因为我现在已经回来了
2,不用了不用了我我已经有了
1,好的啊我是给我孩子正在可能是发了一次
1,可以行啊你是正在我们
1,好吧我现在正在上班
5,这个我现在正在
1,行行行好我我现在还正在忙
1,好的好的我正在家吧好的
1,好好行我现在正在正在忙了啊先挂了哈
4,不好意思我现在正在忙
1,行知道了好了拜拜
1,好的好的我这会在忙等会再给你说啊拜拜
1,好的好的现在忙好吧拜拜
2,呃不需要了谢谢啊拜拜
1,好的谢谢拜拜就挂了
1,啊我在吗我在吗好拜拜
1,哦好的好的谢谢啊好的好的拜拜
1,好的好的嗯好拜拜
1,啊好谢谢好拜拜啊
2,没有了不需要了啊好谢谢拜拜
1,好好好好好谢谢拜拜拜拜
1,可以好好谢谢拜拜
1,好好的好的好好嗯拜拜
1,啊好好谢谢好拜拜
1,好好可以好好那先谢谢了哈拜拜
1,好好好好好谢谢拜拜
1,好的好的谢谢啊好好挂了拜拜
1,好的好的好好谢谢拜拜
1,好的好的好的好好好现在没有时间啊拜拜
1,哎好嘞好嘞好好谢谢好好谢谢拜拜
1,好谢谢好好好拜拜
1,好好好谢谢了拜拜
1,好好好谢谢好拜拜
1,得好好的好的哎拜拜
1,好好的好的拜拜
1,好好谢谢好拜拜
1,好好好行行好拜拜
1,可以呀会不会是变成的怎么那种他怎么会有这种好事给我的你下的是很倒霉的
6,您好您是怎么称呼
6,你贵姓怎么称呼
6,我说我看不到他他们上面资料要怎么要怎么开通什么来着
16,可以的老师怎么退款哎呀怎么贵姓啊
6,三三怎么干啥呀你是哪的
2,啊但是我那个没有注册完吧怎么怎么就我我都还没完善完善资料啊
5,哎你好怎么说怎么说
6,你这个怎么是逛
6,怎么核实一下啊
5,不记得呢要不你来跟我啊要不你帮我寄到购买
2,可能是搞错了我我没有没有我这边不记得我有注册过
5,你们这个要说记得我不行其参与的态度
1,哦对哦我记得我记得之前里面给我打电话然后我好像是你们都不论时间晚上十点还是多少点给我打电话但之后有的话就会给我打电话
2,哎我记得没有注册过验证
2,不是我那个我密码我都不记得了我最近都没有上登过
5,交完这个再往我记得我写嘞
1,好的好的感谢你感谢啊
1,好的好的好感谢啊
1,可以可以要得谢谢感谢干净
1,啊可以的非常的感谢啊
1,可以可以那就太感谢好的
1,好的好的非常的感谢
5,哎还是比较少的啊感谢感谢嗯
1,可以可以好很感谢啊
1,好的感谢哈谢谢
1,啊可以可以好的感谢哈
1,好好好行感谢啊
1,可以可以好再见啦感谢感谢
1,可以可以没问题好那感谢你啊
1,好的谢谢太感谢你了
1,好好好谢谢你麻烦你了感谢你
5,嗯这个什么了解呢
2,哦这个不需要我自己看吧
3,那就到时候再看吧
2,我不想通过这个我就就自己看吧好吧
1,好的到时候看吧啊
1,到时候再看吧好吧
2,嗯嗯这边我自己看你看吧
3,到时再看吧也行
1,行你到时候你看吧
1,再看吧好吧谢谢你
2,还是算了吧我不想找
2,那算了吧算了吧我一天有时候我一直在干活有时候忙没有时候没时间接电话的
2,算了吧我自己一般不是很熟悉的不想解除
2,嗯我说呃算了吧我是
2,我觉得他不是很现实算了吧
2,还是算了吧我不找了
2,嗯我还想玩这都三十多了你知道吧我都有那个单多了还是您算了吧就好是吧
2,哈哈算了吧没那个备案
2,嗯算了吧就别打了
2,这个不用了吧我感觉算了吧
2,啊你算了吧我没听清楚
1,行行行行我现在正忙着呢
1,行行那先挂了挂了
1,行行行行行行行好
1,啊行行哎行哎好的
1,行行吗我现在想啊
1,行行我就已经才登陆联系
16,好行行行不要钱吧
1,行行我在上课行好好
1,行行行行行行好我现在在忙好等一会再打给你
1,啊行行再说吧嗯好的
1,行行行行行你们当中的介绍几个
1,哎行行行我现在很忙啊一会儿再说吧
1,好的好的行行谢谢啊
2,啊行行行行好那随便正在下去了下次不要打电话了
1,啊那行行行行就是摄像头完了
1,行行行行谢谢你是这样啊
1,可以呀我等着嘞
1,啊可以啊我就是我可以可以
1,哦可以可以好的
1,啊行了行了可以
1,可以可以可以可以可以可以可以拉
1,哎可以可以可以好行
1,我才可以我说可以
1,可以可以随时可以
2,啊可以可以暂时不需要啊
1,可以我现在忙啊
1,啊可以吧可以吧好
1,可以可以呀可以
1,可以可以嗯好就这样啊
1,可以可以我现在忙着现在啊
2,不用打电话不要打电话哈
2,啊不用了以后不要再打电话了
2,尽量不要打电话吧好吧
2,不要给我打电话我上班挺忙的
2,不要给我打电话什么事情
1,不要在工作日给我打电话
2,不不不那你以后就不要打电话你如果不让我搞清楚的话你就不要打电话过来了
1,嗯最好不要经常打电话
2,一般下午就可以登录不要打电话
2,啊不要你打电话给我
2,嗯后期不要打电话好吧
2,不可以不要打电话我自己上去好吧
2,嗯最好不要不要打电话
1,你要弄好一点的不然就不要给我打电话了啊
2,可以可以你不要打电话我接过婚呢
2,不要再打电话给我了谢谢
2,你这个车的不要了
2,暂时先不要打我了希望以后再等
2,呃不别不要我不需要好
2,产品不要不要那种偷就好了
6,要不要要不要手续费
2,我先不那个了吧我不要了
2,真不要了我慢慢教
2,啊不要了不要了
2,哎呀不要不要但是一辈子挺好的
6,嗯要不要收费啊
2,我就试了一下不需要
2,不不需要不需要不需要谢谢啊
2,我我我不需要不需要
2,哦不需要了我我
2,不需要不需要好吧
2,我不是我不需要
2,不需要不需要用笔可以吧就你就行了
2,第三个我不需要了不需要
2,不需要不需要我是搞得好玩的
2,我不需要我不需要我不需要不需要不需要谢谢
6,啊打电话跟我联系啊
1,好好好在联系啊
1,他一会再联系他呗
16,你等我毕业了该联系我啊现在别联系了
2,啊你让他联系我吧我不想联系你这这边
2,之前这个河南之前有一个红章老师他跟我联系过了有段时间后面我让他不要再跟我联系
1,好的好的好的啊跟我联系过
1,好的好的我现在在忙哈有空了再联系你们好吧
1,可以好我现在忙有空你们再联系吧
1,可以我在车上信号不是很好
4,哎这信号不好嗯不好意思嗯
6,啊我这信号不太好那个白衣人来说吧
6,您这边信号不太好您刚才说的事本来遇到
6,我这里信号不是很好我在屋子里面做信号不是很好
1,好的好的可能信号不好吧
6,我姓信号不好我没听到你说什么
1,啊我说可以啊我现在在地铁上呢估计信号不好吧
4,我这里信号有一点不好
1,喂我说可以我这边在在高速上了信号不好好好谢谢谢谢
1,稍微好的好的我因为我现在在北京
6,但是我现在没在北京
2,不用了因为我现在不在北京
6,我现在没有在北京我已经回哈尔滨了我那是在北京市
6,啊你那边有没有北京的呀
1,可以咱们是在北京是吧这个女士
1,啊行吧我有我有事不带北京
1,我最好要北京的
5,我说要到我们本地受理的首在北京那边太远了
4,我现在在北京上班的所以这个
5,你在说在北京了是吗
1,好我但是我不在北京
5,嗯今天我是总部北京海状态的你那边
6,我是我是在广州注册的你就北京号吗
2,我想不用了我因为我以前在这个范模会员我这又是一次侧着放到我那会员转账
2,不过他这个需要帮会员是吗
6,我没有办你们那边的会员你还说吗
6,哦我没我没那个什么注册你们会员啊
6,嗯嗯您是想要我那个区门面办会员是吧对不对
6,可是我没注册会员呢
1,可以我之前就是你们那的会员啊
1,可以那我们在家叫我儿子跟我儿子联系一下叫他去
6,不是我是这样的我我在我在给我儿子打一个农业这样子吧我不想我呀
6,我在带儿子我在大小孩
2,他有病啊我这手机号都他妈辅导我儿子都好几岁了
1,对可以是我儿子
5,不是那份简历数儿子头的
6,啊不是我呀我给我儿子
6,还有个儿子待着呢
1,可以可以因为我是给儿子注册的
6,我不是我这个我是给我儿子喜欢的学校吗
2,我现在不需要我就当时就给我儿子是的啊
6,哎我去帮我儿子找的
2,可以我那个资料改不了之前那个是要那个生效啊幺三零还没有那个没有没有留意
6,哦你是那个那个真网是吧
2,不是那你们上那个那个那个那个域名不是自己都会显示吗不需要了
5,啊你说那个那个那算的不一样啊
2,我都不会搞妈的我那个不是要那个还要什么登录这样登录那登录我就没有搞
6,呃你是那个软件园那个还是中山路那个
3,请你到时候那个吗我现在也是啊
1,好的你那个是是准确的吗
6,那个是什么玩意儿
14,行我现在稍微有些忙那个什么
3,我这个还没那个什么呢那个等有时间再说好吗
2,那我我这里了解一下因为我那个不是注册一个上次在那个我的那个叫什么是百度里面的时候就是说点错的时候又添加了一个箱子有两个账号了但是我登录原来那个帐号登不上了怎么办呢
1,可以可以那个你是那个站在网的吗
6,啊你是问我单身吗我担心吗
2,虽然是担心但是钱现在还不考虑了
2,我现在不是担心我都快当爷爷了我干什么事你把那个给我取消了
2,我说你帮我消费吗比如我打了我没说我担心的我都结婚了
1,可以后天说我现在很担心很差
6,我就想那个我就想我我我总担心我怕有假呢
2,不用了我不是担心谢谢啊
2,你你能订购关系了啊我是不担心你们都关心来了
2,哦不担心我注册在干嘛我不太明白啊
6,你是不是担心咯
2,我不告你们已经给我打过很多次电话了
6,就是你固定电话是什么
6,你那什么电话啊
2,不用吧啊经常太多电话了
5,你得拨通我的电话了你你讲吗
6,我知道你们电话就是就用电话联系吗
16,可以哎我这注册了没有吧怎么又下午还有一个人打来电话了
1,嗯回来说吧你给我打的电话
1,可以听的电话他知道您来检查我们去
1,啊好的好的好的好的啊好这是你电话是吧
6,你们已经好多人都给我打的电话呢
5,我我的消息都被你透露了是吧跟你们知道的吧
6,哦可是我不会去你们那边
6,你们那个是自动的吗
6,啊那我说你们是真爱是吧
2,啊我这两天我跟你们处了一个当时还行
6,我说你们是真爱网的吗
6,你们有什么聚会啥的吗我能见你吗
1,可以你们是哪的
1,好的你们这个是死人啊
1,可以好的好的是我我给你们注册的上次
6,你们这个是线上的热现象
6,这个就说在你们这个平台上不是就是说可以说可以先加入那个里面那个沟通嘛但是说我现在就说要不我先你在你们平台上面现不像那个了解一下如果到时候我有需要的话我再打电话找你们这样可以吗
4,我现在上班你们那个弄的乱七八糟我搞不来走
6,不过我觉得这个网络上的东西不愿意去相信
5,呃我之前找同城的不愿意的
5,我是刚才那对呀
1,好当时刚才看吗我现在干事
1,你刚才到了再联系吧
6,你你你说你你刚才是什么
6,你说什么我说你问问你你刚才说什么
6,你刚才说什么听清
5,你刚才你看见了
6,你刚才说什么呀
6,你你刚才吴总还是在那个
6,哦你刚才说的是不是离婚证啊
1,诶好嘞好好嘞再见
1,好好好好再见啊
1,好好就这样吧好再见
4,你自己好好再见啊我现在在上班
1,好的好的好好好再见
1,好好哎好好再见
1,好的好谢谢啊好好再见
1,好的好的好的好好再见啊
1,那好好好好我在上班他可以在下班时间打电话给我哈好再见
1,啊好好好再见啊以后
1,好嘛好吧好好再见
1,好好谢谢你哈我有事好就这样哈再见啊
1,可以的好好好好再见啊
1,可以好好再见啊
1,啊再见好好拜拜
1,好的哎好好再见
2,不用了不用了好好再见啊
2,不用了先不用了
2,啊不用了不用不要挂了
2,不用不用不用我说我还没弄会员呢
2,不用了不用了我现在有在在台
2,我是新不用了吧
2,不用我现在还没注册会员就就不用了
2,谁呀随便你们吧反正我现在
2,啊没事的不要随便嗯好
2,我那天是不小心点那个什么随便随便点的进去的
1,那随便吧都可以
1,好随便吗我可以把随便嘛都可以
2,我那是随便弄上去玩的是真的呀
2,不要贝贝上次是我们是随便填的没有没有
1,嗯那行吧随便你们明天看
1,可以可以随便你
2,不用了吧我就随便玩下啊不太重要这种事情
1,可以随便啊我现在没空啊
2,这个暂时先不要了我是随便试着晚上了
2,我我想找的勇士随便登录的
2,你高兴就好随便
2,不用了吧我就随便登呢
2,我我是随便放到那个
1,等下你再下去打个电话过来好不好
1,要给我找一个辅食的就可以了有设置就给我打电话没有就不要打过来
6,你可以你可以发他的电话过来呢
2,你不要打电话过来骚扰我
6,呃你打电话过来是有什么事吗
1,你把你说你晚上打过来咯
1,啊行行行我还没反应过来知道了
5,哦就是你要过来吗
6,关键上面的东西都不匹配
6,关键我我今天看了就不是我喜欢的
6,关键是我会我我过年快回家了呀
6,关键是我那个网上我登不上啊
2,我们不用打电话给弄
2,啊不用不用打电话呢
2,啊不用给我打电话了
2,啊不用我打电话跟我打电话完了
2,不用了不打电话给我呢
2,不用打电话了不需要了好吧谢谢
2,打电话就不用了吧我就
2,你不用给我打电话了
2,不用打电话给我不用了
2,不用打电话了好吗
2,可以不用给我打电话谢谢
2,最好不用给我打电话
2,不用打电话吧好吧
2,不用打电话了我到时候会看一下
2,不用打电话了不用打电话了
2,不用你不用打电话我不要你
2,不用打电话吧不用打电话吧这个车我自己会收取找他
,我不是很了解你们呃我之前上次我在只想了解一下你们这个东西或者说就注册一下看看情况
1,可以了解一下看一下合同
2,不需要了我只是了解一下
5,哦我是在这边我看一下我是想经济了解一下
2,暂时不用了我现在先了解一下因为我刚
14,好现在我有事你半个小时有个账号吗
1,可以可以我现在有事啊就这样
1,好的你开心就好我现在有事好了拜拜
1,啊行好我现在有事呢
1,好就这样吧哈就说我有事好
1,可以因为我现在有事要吗先不说
1,行行行好我现在在有事
4,我现在我现在有事等一会嘛好不好
1,行好那我现在有事啊嗯
3,好我现在有事啊
1,好的谢谢那有事啊
2,是这样子不用了吧谢谢哈
5,脂肪的态度不是这样子这样子
1,好好先这样子嗯好先这样子
1,还可以这样子的吗
1,好的好的你这样子
5,还有这样子的吗
3,那还会这样子的好
2,这样子你能不能把我的资料删除掉我的手机跟他没有朋友然后明天这样子弄的身体的你帮我麻烦你帮我查一下那个那个材料删掉可以吗不要打我的电话了可以吗
1,哦好的好的好的这样子好
5,哦哦那这样子说
1,好可以这样子哈拜拜
5,还要这样子的吗
6,哎我估计呢我咨询一下你们这个你们这个就是说嗯真实性啊各方面的这种他是有可信度有多高啊就是说
6,问你呢你你有在听我说话吗美女我我觉得我就想问一下就是你们这个嗯模式是是就是说我们中国人就自己自己去最了解还是说嗯你们还有就是说别的服务这样子的
1,可以的可以的但是就是说呃填的是我的但是就是说到时候联系的话可以让我那个表哥可以吃吗
2,那我没有下载钱二娃嘛就是说
6,啊那我我问一下说你们这个怎么就是说呃上面那聊了半天一个都聊不到啊
1,好的就是说是不是
1,啊好就是因为啥因为我我毕竟就是说我这边收挺高然后我那个小区那边我也希望跟我差不多的
16,可以的那个就是别的我我不需要知道你们的那个就是说具体服务内容啊服务项目呀然后有哪些
5,对呀现在我就是好像四g宝贝
5,是啊但是我好像没有玩过这样吗
2,我好像没注册吧
5,这个好像是要先交四吧
5,我好像我支出啊
6,因为我说什么好像跟你沟通不是很顺畅
2,哎我好像不是我注册的不
5,好像不太现实吗女士我原先我也查都是
5,我好像那个软件我都已经写了
6,哦我点事情咨询你因为我好像登好像那个登录的时候那个时候好像不是用这个号码的怎么会显示这个号码呢
2,还是不用了吧余额好像感觉我不相信这个
1,我这块现在有事然后咱回头的话再联系吧可以吗
5,哦回头我回头我登我登一下我就站在说
1,嗯行回头有时间再说吧
1,行行行回头我再联系吧行吧我待会请你不太清楚等我
14,我在开车行回头再说吧好吧
1,回头再说回头再说好吧
1,嗯行回头再说吧哈
1,啊行好吧那回头再说好了
1,啊可以说要下班晚上之后回头就不用说
5,我说吃啊怎么啦对我的公司有兴趣吗
6,呃你先你是哪个你是这你是天网的客服
6,你这是哪个真爱的网是不是吗
2,不不知道哪个是吧所以我不敢在那里呢等着按到了不好意思啊
6,我我想问你一下我这个手机因为是两个号我不知道具体是哪个好您能告诉我是哪个号码
6,嗯你是哪个哪个平台
6,你们是不是哪个作用
6,你你家里人是哪个电话呀
15,好你这里指哪个
6,你是哪个哪个里面的呢
4,我现在在上班没时间呢
4,再说吧我现在没时间现在上班啊
14,那现在上班没时间了我等一下再说吧
4,哎我在上班现在没时间
1,到时候你再说吧我我们现在刚过来上班现在好吗昂好忙的没时间哦
14,有时间再说吧我现在在上班啊
1,好的好的我现在没有时间呢现在上班呢
4,我现在没时间我在上班呢
4,哦我上班的现在没有时间啊
1,ok ok到时候再说吧我现在忙啊
1,好我看下呗ok
1,哦好的好的ok ok谢谢
1,ok ok好不想不是好
1,嗯ok ok好好好
1,ok我我现在在忙我现在在忙啥就给证明一下好不
1,好ok ok好的好的好好好拜拜
1,ok ok在上班
1,诶诶诶诶ok ok卡
1,啊我啊好ok好
1,嗯ok好的拜拜
1,好好好就这样ok
1,ok ok键了啊
14,好好好我现在在网不好意思哈到时候再说吧ok好
1,诶好ok ok ok ok ok行行行好的行
1,ok ok ok谢谢你谢谢你ok没问题ok
1,哦ok ok了
1,那好吧我先这样吧好吧
1,那好吧没事好再见
1,那好那好谢谢啊
14,那好的我现在那有点忙的哈
14,那好那我现在有点忙先这样吧好不好
1,那好的好的好的好的哦好谢谢啊
1,那好我再关注看一下吧哦
1,那好的好的好好好
1,那好吧到时再给我打吧我现在上班呢
1,那好的好的可以的
1,那好的好的好的
1,那好嘞谢谢了啊
1,那好的好的好的好的
1,那种那种我不会那好呢
1,那好的好了哎谢谢您
6,我就不认识你怎么跟你说呢
1,可以是可以啊你是你你是不要我我们认识吗
2,因因为现在上午就在那个网上认识一个小的
6,我我我不认识你呀
5,我我跟你好像不认识吧
1,好行我我回头再给他就行我认识
2,我暂时不需要吧暂时没有时间
2,暂时不理了暂时以后再说吧
2,谢谢你暂时没有我就满挂了啊谢谢啊
1,可以好的先这样啊拜拜
1,好好那就这样拜拜
1,好就这样哈拜拜
1,好好好您啊好那先这样啊先这样拜拜
1,可以这样吧谢谢啊没空谢谢拜拜
1,好吧行先这样拜拜
1,啊是这样好拜拜
2,这样吧拜拜谢谢
1,哦好吧那先这样啊拜拜
1,好的好的我这边没有空哈就这样拜拜啊
1,qq好就这样拜拜拜拜
1,好这样啊好拜拜
1,好好先这样啊拜拜
1,好的先这样拜拜
1,好行就这样拜拜
1,好好那先这样啊好拜拜
2,我是随便填的一对一我大概看一下那些资料没有一个合适我
1,哦可以了可以了我那个随便填一下呗
2,可是我没有注册我只是随便点了看了一下呀
2,不用了我就随便注册了一下就是
2,啊怎么还有这还可以打电话呀我就随便整了一下
2,啊不行我就随便看一下我也过去我一我想的话不一定能成呢
2,我上次就是随便在上面玩一下也没有注册成功呀不好意思啊
2,好好好那随便搞一下
2,我这边只是随便完了昨天在手机上看到了然后随便玩的钱了一下啊这个有什么那个呢
3,好的我只是随便放一下而已
2,哦我这是网络随便点了一下
3,我一直是随便了解一下
2,啊啊我就随便找了一下吗
2,不需要不需要我那先点进去随便注册了一下
2,随便注册一下想看一下
6,我刚才没有听清楚您的下说什么我注册了个啥
6,啊我在外面不好意思听不太清楚
,我明天听清楚你说什么啊
4,晚上不太听清楚比较忙不好意思啊
6,你说什么我没有听清楚
6,说什么呀我现在听的不是很清楚啊
5,你刚才说什么我也没听清楚太好了
5,嗯不分清楚是吧
5,我试试行请把密码听清楚
6,嗯你都不清楚我的情况
1,可以没问题添麻烦啊拜拜
5,我不是这个问题
5,嗯但是有一个问题就是我想我那个电脑登不上去
1,嗯好的没问题拜拜
6,喂请听我说话你回答问题
1,二二十万三十万都没问题的
1,嗯应该没问题吧
6,啊这个信号有点问题
5,怎么我手机进水了有点问题有啥
1,好的麻烦你了对对工作室的问题
1,行没问题你快点吧
1,哦好的没问题了破案省
1,嗯没问题哎那个之前
14,这个问题嘛可以但是我忙的时候肯定不方便接你的电话
1,可以呀问题不大好
6,但问题是我读不在武汉呀
14,你跟他聊一下吗可以因为昨天才那个才填写资料我也还没有时间弄
1,可以昨天给我打电话了
,啊行好的昨天那个是你们主任吧还是谁呀说给我打电话
5,我问你你昨天到的
2,诶我问一下哈我昨天不是在手机上那个我记得在佛山小视频也不是那个呃看到这个我就点进去了然后我要怎么取消呢
6,不过我就昨天注册了一下你们至于今天就打电话给我吗
5,不是我你这个是推荐他少的吗
6,嗯暂时推荐不可以吗
16,说什么啊你不是说后面给我再推荐吗
1,可以可以给我推荐一下啊
2,这个我我主要是住在普通应该账号我不需要们推荐了
2,嗯我不知道因为之前给我推荐那个我感觉就不符很不合适
16,嗯这个的还得有人嗯推荐一下呗
2,我不需要你们推荐我我自己有对像这样子不在
16,可以你们是推荐同城的还是推荐里的
5,我不是没有那个vip查吗这个推荐的呢
1,好好好行行行我现在上班晚点再聊啊
1,好好我现在开车有时间再聊哦
1,行我现在上班再聊好吗
1,先这样我在开车有时间再聊啊
1,我现在在有事哈没有再聊吧好吧谢谢啊
1,好那现在我又在忙没时间聊也直接再聊吧
1,好哇好哇现在有时间再聊好不好
1,好好好我现在挺忙的一会再聊啊
1,我也可以啊现在有点事情回头再聊好吗
2,那是弄着玩玩了不用了我已经不是单身的
2,我我不是单身我我我已经结婚了
2,我是单身我不是单身
2,哎你好不不好意思不用现在不是单身了
2,哦你不要说了我了我想自己找
2,晚上自己看不得吗
2,行不用不淡化了我自己看我自己下看看
2,啊我不要吧我自己转吧
2,哦我我现在已经自己在聊了
2,暂时不保吧我自己这个
2,啊那没有啊我自己那个吗
2,算了我自己我自己了
2,啊我用我自己名字游戏我不需要啊
5,嗯我那也是自己昨天晚上弄的完的
6,是我们可以自己聊吗
2,啊那个是别别人那个拿我手机搞的你帮我注销一下
2,待会儿我就说想我想跟你把它注销吧
2,不用了我已经注销了
2,哦不用了我想注销掉
2,那个注销了转了吧我懒得搞
2,我已经注销号了刚给我打电话好吧
2,喂你好我都已经注销我账号怎么还有啊
2,我我不都是已经跟这个注销了吗
2,呃我现在暂时不会涨了我我没我没注销吧我有段时间没啥呢
1,好好好行好嘞谢谢
2,嗯我自己找好行
1,啊好行好再见啊
1,啊好行那行那麻烦了啊
1,啊好行谢谢你啊
1,好好好行行行好好
1,好好好行行行我给你现在有点忙现在没问题
1,哦好的好的好行
1,好行行行好了好了谢谢哈
1,好行谢谢啊好拜拜
1,好好好行不好意思我现在真的忙好吧就这样
1,啊行吧好行谢谢
1,可以的可以的好行我知道了现在有点忙
1,好行好谢谢啊好
1,好好好行了在家呢
16,好好你发那个是珍爱网是吧
6,你是珍爱网是吧
6,你这边是珍爱网是吗
6,哦哦那个珍爱网是吧
6,你是正在网是吧
6,你们那个珍爱网是
6,零二四三百货网是吧
6,是啊也是珍爱网是吧
6,是不是你是你是珍爱网是吧
6,那那个珍爱网是真的还假的
1,好的你这边是山区网是吧
6,我说你是珍爱网是吧
6,哎美女我想问一下你们您您这边是珍爱网是吧
5,我这个是他们不让弄我也不会那个
1,行吧你叫他们联系我
2,零二他们那是好久之前弄的了
1,可以呀他们能不能看得到我的
5,对今天我也是尝试的他们说那个毕竟是不大了么长时间了上去看了一下也简单的浏览了一下
5,这个是怎么我也是看他们了对方呢
6,嗯谁给我打电话说他们自己的还是
2,不用了谢谢我这他们说这个不安全我就不要了
2,不用了吧感觉好麻烦
1,啊好了好了好了没啊麻烦你了啊
1,可以可以好的麻烦你了
1,啊这样啊好那麻烦你了
1,好的好的那麻烦你了
1,好的好的麻烦您啊
1,好那行麻烦你了啊啊
1,好谢谢啊麻烦了
1,好好好那麻烦你
5,麻烦说就得对不起
1,好好好那麻烦你了啊
2,不用麻烦了不用麻烦了
1,啊可以麻烦了啊
5,哎我看上面好像是自己有什么活动是不是是不是
6,是不是要办你们会安才能什么之类的呀
5,是不是那个和强啊
1,好的好的是不是到时候会员要冲起来是吧
2,自己退款就就是对我是不是没有了
1,好的你是不是偏远的
5,就是我现在的这个情况是不是
6,卖家你是你你是是不是真爱吗呢
6,是不是注册错误了我我是男的是不是注册错误
2,呃就是不需要了是不是
6,你是不是智能的
2,不不我是帮我你帮我弄的我女儿她还没结婚大全你
2,目前不想找好女儿女儿有点
5,我我现在不记得你分了我现在是有两个女儿的人吗
1,可以可以我是我女儿的来不是我的哈
6,你知道我女儿多大吗
6,啊那那个不是我设给女儿办的
5,但是离这两个女儿
6,我是把我女儿注册
6,我我有好多朋友都在那里是单身然后按照你的都有在珍爱注册然后他们说账号用了没几天就就就就用不了那个是怎么回事好像是限制了
2,对因为你这个网我不太会用所以然后呃注册很麻烦然后我就没用
5,他不是我那天我我那天我不知道然后我在那上面我就想弄他
2,我然后都删掉了呀
6,哦哦然后需要我怎么做
2,嗯我那天就是嗯下载一下然后注册了别的什么我也没弄
5,啊我有事要说一下我是那个前几天看到一个连接完然后我点进去注册一下完然后是因为我手机坏了我下不了那个a p p是用的那个苹果手机它需要一个验证码我不是那个手机最近出故障了下不下来玩然后一直啊开业了
14,喂可以因为现在我在开车嘛然后我安排三点三拿一下然后听没听清吗
5,你现在阿里然后我的电话
6,那他不是应该我这边先不向这个给我条件然后再跟你说吗
2,我只是闲着无聊注册了一下然后的话我我就是没有打算说在这边生活了
1,可以可以我吧我就我就一个人现在大三了
1,可以方便的时候可以
1,啊可以我大我想问你一件事可以吗
1,可以呀那那可以就是qq联系吗我不是留了有qq号吗
1,可以可以我标注一下因为我我是有小孩几个人我两个小孩都是我带着
1,可以那你以后呢你能找个成人
5,不要听到你说可以邀请的我不来可以不
1,啊可以可以啊以后再打电话吧
1,可以可以可以你们要放哪里了
1,可以当然可以了
1,可以可以没事是那个时间段的通知吧
1,可以问那个我不懂那边好玩再弄加上的
1,啊可以可以可以本人在苏州
2,暂时先不用了吧因为我没考虑了
2,呃暂时先不考虑这个吧
2,不好意思暂不需要这方面我暂时还不考虑
2,哎嗯暂时不考虑这个问题
2,不用了暂时还不考虑
2,我先暂时暂时不想考虑这个因为现在谁事情比较多
2,不需要了现在暂时不考虑这个问题哈
2,那个我占钱不考虑了饿得挺好
5,我不是你美女我没我没上交完了
5,嗯嗯美女你购物广的上班成吗
1,美女我现在没有问题
1,好的谢谢那个上面找美女
1,行那好的美女谢谢你了再见啊
1,行好了啊谢谢啊美女啊
1,啊可以的啊谢谢你美女我正想找个过年的
16,有什么美女介绍过来呀
1,行行行哦你那个这样的话就是深圳的是吗动不了啊
1,可以因为我手机登不了战网我现在手机下载a p p你知道吧所以登不上去
6,哎我那个什么我那个实名认证怎么实名不了啊
6,对但是我这个手机好注册不了我
6,问题是你这个珍爱网用不了怎么这会就用不了
1,好的好的好的马上就上传了两次那个头像呢上传不了呢
6,我说咱那个网上面都根本都交流不了
14,到时候没空啊去不了文电等有空的话再说吧哈
5,嗯我这边哦我觉得这个宝贝去哪里
6,哪里我哪里有对象吗
6,哦哦我说你说去哪里
5,那你那你能去哪里面了是外地的
6,从哪里珍爱网啊
16,好的谢谢你啊你从哪里打过来呀
6,那对呀哪里人啊
1,好的好的好再见啊
1,好嘞好嘞再见哈啊
2,不用打了不需要好吧再见
1,好嘞好嘞好的再见啊
2,啊不用了啊再见
1,好的再再见再见再见
1,啊行行谢谢谢好再见再见哎
1,嗯那好的好的好的好再见
1,哎好的再说哎好的好的再见
1,好再见再见再见
1,好的再见那个吗
1,好的好的再见啊
2,就这样吧再见啊
6,啊您是西安是深圳的啊
16,可以可以你不是那呃你们深圳的
6,你是个深圳是吗
6,现在要去深圳的吗
1,可以可以死的电话哪里了怎么是深圳的我以为忘了
1,可以可以在深圳吗你们公司
6,是这样子你可以你是在成都还是在深圳
16,好好好哎你怎么是东莞电话我一般现在在深圳的
6,你深圳那边打过来
6,我说你那在深圳没在石家庄
6,我说你是深圳那边的吗
6,你试着怎么深圳的号
2,我不能政府财政不是在在
2,我是在下面来不看了那肯定不能相信你了拜拜
5,我们不能简单啊好阿里云
6,嗯你能不能就是a p p上面上网
5,你你这这个是我说过的城运会杨啊嗯能不能就自由通话的呀
16,可以呀但是我我能不能问个问题
2,那不是那你不那不是刚生那那能不能提高假的啊不能是吧嗯
6,嗯不能在a p p上面处理吗
5,你不知道不要乱说啊我去报这些都承担还是不能再生
5,我想吃能不能跟你这样吧去我都
6,我说能不能找得到
2,我不想在现实的我是想在网上看看能不能看到
2,嗯这个不需要工作
2,不用了我现在工作家人等一下聊好吗
1,可以可以行我现在在工作啊不好意思啊
14,我说可以我我现在在工作
14,想把它隐瞒后面再说嘛我现在在那个有事情在工作
14,行但是我现在一个毕节工作啊
2,算了我现在现在忙着工作没直接找找一下
3,再再说吧我了解不是特别那个
4,我在回家的路上做不方便
1,哦好的好的现在不方便啊好拜拜
4,啊我现在不太方便
1,啊好好在不方便
1,可以啊我现在在戴上了说话有点不太方便网上可以吗
4,现在不太方便说话
4,我今天呃电话不太方便
4,上班的时候没时间接电话
1,一般白天我都没时间我要上班不要吗就晚上吧好吧
4,嗯我在上班啊没时间啊
4,支付宝暂时保持现在没时间上班
4,然后我这边上班也在烧没时间
1,可以啊我在上班没时间好吧
4,那我现在那卡了我在上班没时间的
16,您这边这个时间是具体什么时间给我打给我打过来呢因为我平常上班不方便接电话
16,一般最好是晚上的时间打好吧白天上班没时间进这个电话
1,可以我真的忘记了哈不好意思啊
2,真的我我卸载掉了
1,啊可以啊真的爱完了
5,哎怎么我真的没坚持是怎么回事呢
2,嗯不是真的不适合你
1,好的好的是真的吗
6,你不是你这个是真的人还是电脑吗
1,好嘞好嘞好嘞我现在在忙呢
1,好的我现在忙着呢
1,好的行那现在说
6,我现在在我现在在云南的
1,好的好的我现在忙哈
14,好稍等现在又忙
5,那你现在问啥你说吧
1,我现在行了行了
1,好的好的我现在在忙呢
1,现在现在也可以啊
1,好的好的我现在在忙
14,好我现在暂时现在在忙哈
1,可以先生我上班忙的很啊
1,可以那先生我现在没提前说
1,好杜先生就这样
1,哎好的好的先生再见啊
5,哦我这边是谭先生
4,嗯我现在忙先生吗不好意思哦
2,好先生暂时不需要以后再联系
5,先生我看到你们这
6,哎呀这个不敢相信
6,哎呀我最近网上的东西都是不报希望
2,哎呀我的情况我不想说
2,哎呀这谁给我注册的
2,哎呀那就没必要了
2,哎呀不小心给登上去的
2,哎呀不要打电话了好吧
6,好哎是我弟弟注册的吧
5,呃对我是一件呃有注册过
2,我没有注册过什么呀
2,不需要可能是我家里人帮我注册的谢谢啊
1,可以那也要注册的是吧
6,你说我注册的什么呀
6,啊我注册了什么啊
1,好好的稍等一下行只是注册一下他没办法过了
5,注册注册不进去的啦
6,嗯你刚说是在什么注册
6,我说你是珍爱网吗
1,可以呀别到时候了我的珍爱网的之前注册了一个
6,是不是珍爱网啊
2,我把珍爱网给删了怎样了
1,可以那个你是珍爱网吗
6,我说你这边是珍爱网
1,可以啊就是珍爱网上是吧
1,可以呀你珍爱网的
6,哦哦你们是珍爱网
6,哦你是珍爱网吗
1,啊可以是那个珍爱网吗
6,你这是珍爱网吗
6,我和小里您是珍爱网的是吧
6,那你怎么知道我的电话号码啊
6,我问你怎么知道这个电话号码呢
6,不是我我我的意思是你你你你怎么知道我的电话号码呢
6,啊这样吧我给你个电话号码行不
6,你你这个电话号码好像是杭州的是吧
6,他他怎么是你们什么是深圳的电话号码呀
2,呃我好像没注册怎么用电话号码呢
6,这是你的那个呃这个手机号同一电话号码
6,他说他没给他的电话号码给我看一下吗
1,可以那你记一下电话号码呗
6,我说你怎么知道我电话号码呢
6,你们怎么知道我电话号码的呀
6,不知道啊怎么这么真实呢
6,你怎么知道我但是呢
6,我说你怎么知道我的资料呢
6,哎你是怎么知道我联系方式
6,你怎么知道呀你怎么知道我的情况啊
6,我说你怎么知道啊
6,那你我我再问你你怎么知道的
6,我说你怎么知道的
6,不知道为什么情况你怎么什么进行核实我们怎么知道的
6,你都你都不知道我是哪一位怎么知道
6,可以我就想知道你那边怎么收费呢
1,行好的明天打就行今天正好值班不好意思
14,好那我这边今天忙谢谢啊我在上班
4,那也要有空才今天都没扣到什么呢
4,今天我现在没时间我等于时间段给你了啊
1,行啊我这是咋的我我跟他有个朋友挺好的完了他今天三十七事业单位
6,嗯当时在干嘛现在不在上海
1,可以我我在上海这边
3,到时候再说吧可能我目前不在上海
1,啊可以但是我这这段时间这段时间不在上海在等下个月啊
16,嗯但是我不是上海人我是河南人
5,那我那个是要就是你这是上海的是吧
5,你是上海晚了是吧
6,我现在在广东不在上海呀
1,可以但是我现在能不在上海啊
1,可以啊但是我在宋江上海梅不方便去
2,哦我自己会找到哈
3,家里面找到再说
1,好的我我要找到神马的
5,哦这修改一下还没有找到呢因为刚注册吗刚通知
2,嗯不用了我今天找到了
2,我跟我找到了嗯
2,啊我不想找到您了
1,好你你去找到时你就发到我打电话好吧
2,不用了不用了我找到了
2,哦我找找找到老婆了啊我找到老婆了谢谢
6,听不懂吗现在听不到声音吗
6,你你说什么我听不懂啊
6,我说你你们在说什么我都听不懂你说什么工单位的说什么我听不懂
5,诶你听不懂的话
2,那那那某些听不懂玩的好好
5,我不懂了这个事情呢我听不懂吗
6,你是哪个我听不懂你说说什么事
6,你说的什么我听不懂
6,我我我说我听不懂你说什么
2,你说话我听不懂拜拜
6,你是个那个话我听不懂呀你不是普通话我走呀
6,我都不再说什么别说那么快好不好其实你说不懂问啊
5,我到你们那边内部那么认证的
5,那我注册了那么久也没有然后现在
5,你能说要那么长呢
2,暂时不想吃那么这些了
5,啊你那边是那么远呢
1,好啊你们那里那么多限制
2,我当时只是一时好奇就我就那么弄了一下其实不用太放在心上用把我
4,目前还没有那么多的时间去处理这件事情
1,可以再天真那么严我是广东高州茂名的
6,你们怎么知道我我的那个状况呢
5,你们这个是怎么
1,好行你们是我从网上登的怎么你们会有呢
2,怎么会是高级好久都没登着你们公司的吧
1,可以啊我想问一下就是你们从这个会员是是怎么充怎么充的呀
5,我怎么我怎么加不上你们还
5,怎么你们手中的我都见了太远了吧
6,啊那这个办好了需要怎么向你们出示一下
5,嗯你们这个是怎么个操作模式啊我就是首先点了一下
6,你们怎么是用手机打的
6,说说说说说说说说我我怎么知道是不是你们打过来的呢
6,哦哦为什么打电话说
2,哦刚才为什么我也是登上去看一下的
5,为什么你知道啊
6,但是为什么那个珍爱网登不上去呢
6,我说你为什么要给我打电话
5,为什么二十到那边的
6,哦为什么为什么要说明情况呢
6,嗯嗯您打电话是为什么而来
6,你为什么这样子讲话呢
6,嗯你为什么是私人号码
5,嗯就是我的谢谢哦之前为什么
6,为什么要打电话
1,可以我现在有点事儿不方便然后稍后那个吧好吧
1,好了稍后再说吧
1,好的没问题好的稍后四s
1,好我先上班他稍后有时间的话可以联系好吧
1,啊行你稍后再打吧开
1,好好好行稍后马上走了啊好啊
3,幺八三八稍后再说
4,过年之前我这段时间和过完年之后才有时间因为过过年时间我好忙
4,哦我没时间了我现在在通过
14,我现在没有时间啊晚年吧
5,我上次我三十多年时间单身的
1,一一般在九点以后才有时间
2,我要不用了谢谢我现在没时间了
2,啊不用了我现在在出差我出来掉毒也没有时间
1,嗯好好好一会吧现在没时间
1,好的如果我有空的话那我好像也没什么时间啊之前年底的时候有说过但是我现在就是还没时间
2,这个不需要不需要谢谢
2,呃这个需要谢谢
2,嗯这个先不需要了
2,不是这个我不需要谢谢你啊
2,哦我这个不需要啊
2,我不需要我我其实我就是上去看看而已呀我不需要你们这个对
2,哦我现在不需要这个呀
2,不这个不要了不需要了
2,我不需要了不需要我我我去看你们晚上试一下我看这个可能不太适合
2,不需要不需要我这个这个我都没出来我都没注册吗知道
2,这个我这个呃暂时不需要了我不知道很忙吗好吧
2,昨天已经删了卸载了
2,无极那个东西我都卸载了
2,但是我那个卸载了呀
2,我我我把那个软件已经卸载了
2,我都没我都卸载了
2,可以啊不过你们那个我都不会用我这个卸载
2,不用再联系了吧我a p p都已经卸载了我只是随便注册了
2,啊我那个身份证是填错了我然后直接卸载了我没有没有弄
2,我已经卸载了没用了
2,那他不用了那就软件我都卸载了
2,我们已经把那个卸载了我是就是弄了一下然后我就说那玩意有急事来不开那个余的修改了那你把他信了
2,不好意思我以为那个在网卸载了
1,可以我知道我还没上传呢我最近忙得太忙了
2,没有突长时间不要好不好因为我最近真的很忙
6,嗯我但是我我最近都不在大连呀
1,可以的我最近可能都不在北京在出差最近这个
3,再说吧我最近没有机卡了一下
1,可以吧但是我最近都没时间呢
2,最近有点忙先不需要了你等我过一段时间嘛谢谢啊
2,最近啊不用意思
16,最近没有空要么四月份以后可以吗
6,啊我最近这几天在这在北边
1,啊可以接听最近就不要打我电话了好吗我最近我最近出差
6,嗯你们说这次的在在温州还是乐清这里
5,你发了在这里好好
5,啊算了你你这里离
4,我这里工作海南的话里面是没有信号的可能打不通的
5,像我这上面这里情况啊
5,哦你这里介绍女孩知道
6,啊稍等一下我这里边吵啊您您说什么你再说一下
1,好可以这里啊好好
5,你是周六这里有
5,呃不是你你是谁楼下
2,打电话的不是那上面不是有有那个吗
6,不是我说你是哪的你是谁呀
6,不是我跟你说啊不是你要跟我核实实物金你都不了解我要找什么样的怎么帮我核实呢对吧
2,不是不是你听我讲我说你们那是上海那边啊
2,哦我这脑子完了我我我打的完了不是啊谢谢啊
2,不是你那个我不是很了解因为我的重设的那个行业
6,我不是打广告的吗
2,啊不好意思我现在不需要
2,哦不好意思我不需要好吧
2,不好意思不需要啊我现在在谈啊
2,不是我不需要了谢谢我这台也是一下吧现在不好意思啊
1,可以可以可以那谢谢你啊
1,可以可以好谢谢你
1,可以可以好的好的谢谢你了
1,可以可以好谢谢哎
1,可以可以可以可以我我我等他回来问一下谢谢啊
1,可以呀可以呀谢谢啊
1,哦可以可以好的好的谢谢啊
1,可以可以可以好好谢谢谢谢
1,可以可以好谢谢哈
1,啊可以可以可以行谢谢啊
1,我帮你可以可以谢谢啊
1,啊啊可以可以可以谢谢
1,可以可以好的好的谢谢就是的好的
1,可以可以可以谢谢谢谢你啊好的好的
1,哎可以可以哎谢谢
2,不用了不用了这个我自己看着打了你们给我打电话的时候我没那么多的时候我自己有自己的想法的你这不好谢谢啊
2,还是不用了吧我自己在上面找吧不太喜欢别人给我打电话
2,自己聊吧不需要另外打电话啦
2,哎我不用了我还想自己一个人三天够吧
2,啊不不用打电话我说我自己看谁好行
2,这这我自己回去弄的你们不用背起来
2,啊不用打电话我你能推到那个公众号我自己看一下
2,你不用打电话吧我自己在上面可以查资料的是吧
2,啊不用打电话我从他们自己找吧好吧好
2,噢没事不用打电话我自己看看
2,我自己自己来吧你们不用再打电话给我了
2,不用不用打电话你给我备注一下不用给我打电话因为我一般时候都在外地出差比较多然后还有什么其他途径吗比如说自己去或者怎么样的
2,不用给我打电话了我自己联系就好了
16,可以呀你是机器人还是整人啊
6,我是机器人还是人类
6,那你真的是机器人呢
6,是哎您好您是您是真人还是机器人啊
6,您是机器人吗我喜欢机器人
6,啊你是机器人吗
16,可以你是机器人吗
6,你你这机器人吗
2,哦我看看我现在都没事儿找那个东西啊
2,啊我在那个ip看看就可以了
1,可以呀可以看看
2,我上去看看不用的三十天好吧谢谢你啊
1,好的好的谢谢我现在在上班看看你的
2,嗯我我自己看看吧好吗
2,嗯我先自己看看吗
5,s也就是看看一下吗
1,行我也我也在自己再看看吧看看聊聊看吗
5,这个晚上我会登记过
6,你看我登记的是叫什么名字啊
1,啊可以说你你懂吗我把你登记的是单身呢
2,啊我我我好像没在家网登记吧
2,哎这个现在我我是登记过但是现在就在他那个女朋友的啊
1,可以我我忘了我怎么登记的了您能给我念一下
2,我不是我现在好久忘记我什么时候登记的
2,那个朋友他他登记等他他看一眼我就帮他登记了一下
4,哦不说要不睡觉
1,诶好了好了睡觉
4,嗯你睡觉麻烦你
4,好像是睡觉了我上夜班
1,啊行我现在在和孩子睡觉呢改天再说啊好不好
1,好吧我现在在睡觉
4,你好我现在睡觉
1,可以我现在身份睡觉上晚班
1,等下午再说吧好吧暂时睡觉好困了
4,这个是退回书就睡觉啊
1,好好睡觉打电话
2,啊有需要在吧现在不需要
2,我不需要了不需要了现在好不好了
2,哦现在现在暂时不需要
2,哎不需要吧现在
2,啊我现在不需要很
2,嗯现在不需要了
2,不需要我女儿已经去工作了跟他会说几年再说找男朋友的事情
2,哦我不知道你有男朋友
2,嗯嗯不好意思我有男朋友了
1,可以因为我现在一直都是单身连个男朋友都还没有
2,电话被错了再错在家里
4,但我具体是没时间因为我都在家里都是比较忙的
6,哦我关键是我现在不在家里
6,不是说他现在不在家里啊
6,哦你还有这种服务是吧
1,你说什么服务啊好的好的我都没答应你怎么好的呢
6,你这有啥服务的吧
6,嗯嗯你们是打电话服务是吧
6,账户女士成功服务啊是电脑的语音啊
2,这个我又没有要求这样子人工服务我只是在上面登记了一下我也没需要这些服务
6,那我想问一下因为我要跟我女儿说一下这情况你那个一对一服务是怎么个服务啊就是它有一个一你有那个弟弟的面的工作站呢
6,你说什么一对一服务啊
6,现在你们都有这种服务了吗
6,哦还有这个服务的
5,啊你妈有这服务的必须打电话吧
1,可以你还有这种服务的或者注册上去娃娃的
6,哦您那里就是是有这样的一个服务的吗
2,不用吧不用保不需要这个服务
6,还有这样的服务啊
14,好嘞别的上班时间啊能不能先忙好吗
1,行可以到时候但是就是不让在上班时间给电话了因为这里你的上班时间没空
1,好那尽量不要在上班时间了
1,这样子吧我现在在上班时间以外我们下班之后再说吧好吧
1,哦我姓可以我现在上班时间等那个可以啊但是不是上班时间就可以
1,只要不是在上班时间都可以就是我到那时间就早上九点到下午六点所以的话这段时间就尽量不要打扰吧
1,啊可以可以的好的一般我们都上班时间假如就是早晨六点到八点基本上都上班时间这个时间你偶尔和打到下班了有时候手机不在身上带不方便的你们也是几点下班我们就大概上班时间手机老在身上带着呢下了班了说我手机没在携程大
16,我说可以发信息吗因为我上班时间是不方便接听电话的
1,可以但是不要在上班时间
1,尽量不要上班时间好吗
16,我们上班时间很少有接电话的
1,请不要在上班时间打电话好吗
2,嗯不好意思暂时不打扰你吧
2,嗯好那不远了啊不好意思了啊
6,不好意思不好意思打断就你刚开始说您是哪哪是干什么的
1,好好好要得好不好意思要都可以哈谢谢哈不好意思哈
2,不好意思啊呵呵
2,不是啊不好意思啊
2,嗯嗯对嗯不好意思我啊啊
2,不好意思不感兴趣啊就这样
1,可以我我跟你讲哈因为我在上面写的比较比较不太
2,不用了我在上面慢慢看吧
6,我在上面看了一下好像都不怎么现实啊上面
5,嗯我看你上面等于出货充费的是吧
5,这上面是多少岁呀
5,哎我上面写的内容是啥呢
1,我那上面不我不是注册不看过了吗然后呢有的女的哈可以了
6,没有这上面我好像没有在上面注册的
3,那个再看吧因为我上面还是还没有前途要多久了
5,我说这上面就网络上面
2,那个我还是不不在上面找了
2,不用打电话给我是这样子我有个同事他担心然后我想给他做下我是上面找一些人
6,那个那有没有个详细一点吗
5,我现在我当时有没有女的帮我上个月不介绍你放久了
4,我应该在说什么那有没有空
1,好到时候看有没有时间安排啊谢谢
1,可以可以那那那有没有限定地点啊
5,啊我的资料有没有在普通一下的
5,你剩下油有没有啊
1,好的看一下有没有时间吗啊
2,不用了谢谢我们没时间玩这个
2,是这个这个不用了吧
2,啊这个不用了谢谢
2,这个不用不用我我是校园的
2,啊我这个就不用了好吧你是
2,这个不用了吧谢谢啊
2,你这个太远了不用打不用打来我不不用给我打电话好吧
2,啊不用不用我我没有去过再往你这个是你这个是我没有注册过谢谢啊
2,这个不用了不用了谢谢你
2,不用谈这个钱的好吧
1,可以快乐快三邮件那个框消息也可以又有说上班可能不太方便接电话
1,好的我现在开车不方便接电话
1,哎可以好的我在上班我姐接电话
1,啊行吧我估计过几天忙着顾不上接电话了
1,可以可以因为我这会给孩子做饭的也不方便接电话胡松再说吧
4,我说我现在工作周五不方便接电话
1,行行行现在如果有消息直接发消息我平时可能不太方便接电话
1,好我现在不方便接电话晚点的时候吗
5,你说你家就可以了我原先上班路上那您接电话
4,嗯现在没有空不好意思啊
2,不用了这个朋友的
5,朋友你是武汉吧你这十五号吗
2,诶有女朋友啦兄弟朋友
2,帮我删除是朋友开玩笑读的
2,不用了现在自然是大型的还是你朋友了哈
2,我已经删了我都没没有用了呀
2,不可以因为我现在已经邮
2,好拜拜好你再弄错了好不好我已经结婚了
2,嗯没有了现在已经
2,啊我现在已经成家了
2,因为我是因为我是这样的我就像现在已经是
2,都已经有了再说吧
2,不用背下来我都已经结婚嘛天了呢是什么格式教我注册了
1,啊行行行我有什么样
1,可以吧你别人我想找一个什么样的我我有要求啊
6,你觉得什么样的人跟我比较合适呢你都不知道我多大你都不知道我叫什么名字你就来打电话给我介绍呀
6,你知道我想要什么样的
6,哦你那里是是什么样的性质
1,好吧试一下吧我也不知道是什么样的
1,啊可以再说吧嗯好的
3,嗯到时再说吧哈
3,嗯他是再说吧哈
3,哦哦那个再说吧
34,再说吧再说吧我现在很忙的啊
1,好吧那再说吧好吧嗯
1,啊再说吧再说吧嗯好好
1,啊再说吧好的嗯
1,可以让他再说了
1,你可以帮我再说吧嗯
1,好吧好吧再说吧
1,好的到时再说啊
1,新大再说吧好吧好
1,呃那再说吧好吧
1,啊到现在再说吧好吧
6,我还没听懂你说什么呢
6,你说的什么我都没听懂
6,我没听懂什么意思啊你是谁啊什么事
6,你说什么我没听懂啊
1,可以你说什么我没听懂
6,你你说的什么我都没听懂
6,哎不是您说的什么我没听懂啊
6,为什么我没听懂
6,啊什么意思我没听懂啊您再说一遍
6,没听懂啊出来了呀啊
6,注册什么了我啊你说昨天过了没听懂
6,怎么说我没听懂
6,那我没听懂你说什么
2,没有我已经找到了不用不用不用不用再推的我已经找到昨天刚转账了哈
2,已经找了已经找到了
2,现在已经找到了
2,而且这个这个不用了现现在已经找到而已经我妈购物之类咯
2,啊我已经找到女朋友了
2,我已经不需要了我已经找到了啊
2,嗯不用了我已经找到了
6,我说你那注册的是男的还是女的
6,你是电脑人还是还是真人
6,你是电脑还是人呐
5,哦我我是我是这个还是单纯
6,我说您是招行还是哪
5,还是这种操作的
6,嗯你这个是机器人还是怎么样还是赚钱呐
2,嗯呃我现在是单身不过我还现在还还不想
6,你现在是不是单身
1,可以呀我我现在是单身呢
6,我说你是不是单身啊
6,你是说我还是单身吗是吧
2,我单身谁要是单身但是我现在没有考虑去谈男朋友对
5,单身你是单身还有还是有办理的
2,我现在不单身的嗯
1,啊可以可以现在是单身
1,我说可以啊我是单身嘛
5,我说我现在单身
4,哦哦哦哦现在我有一点事呃双十一不了吗
3,哦哦哦这样子啊那个
5,哦哦哦谢谢谢谢
5,哦哦哦知道了什么意思啊啊
5,哦哦哦哦哦哦哦嗯嗯
5,哦哦哦我在说话
5,哦哦哦哦那我这些对象啊
1,哦哦哦好好好谢谢
5,哦哦哦哦哦哦哦
3,哦哦哦到时候再说吧
5,哦哦哦哦我知道了我下次啊想差的
5,无车吧那我意思就是啊喂喂
5,你们那你意思你这边三十多呢
1,可以但是哪一位意思啊
1,我意思说我的意思是我意思说我是在是香港年你们可以可以有这方面的那个连接吗
1,好的好的意思是阿伯叫四年我拿对不对
34,我这边在开车呢完了再说吧好吧
1,好的好的我等在我现在开车等一下
4,我现在在开车到了就这里吧
2,使用谢谢你我现在给他开车呢
4,哦哦我在开车不好意思啊
4,到时候我现在在开车我先挂了好吧
1,好了好了现在我在开车好吧好吧哎
1,可以可以到时候开车啊我现在是上班
14,好了我在开车哈
4,啊你说吧啊因为我在开车
14,啊你等会儿啊我现在有下等会再跟你说好吧
3,我说好的但是再说吧拜拜
1,哦好的你说好的拜拜
1,我说好的没问题
1,不是啊我现在直接跟你说好了我不知道我当时填的是怎么样的我再跟你说一遍好了
3,我说好到时候以后再说吧好不好
4,七四的有客人在不方便说好吧
1,啊我说好的谢谢
1,行大概说好了谢谢
1,好好好可以那我只有是验证的说好吗
1,啊我说好的谢谢你
16,我说好的谢谢你你是那个机器人打电话的是吗
1,可以啊我可以自己呀在账号管上面呃我了解看一下吧
26,打电话不合适吧
1,可以可以你就合适啊
6,不是我说你们是怎么判定跟我合不合适吧
6,虚拟我考察过的合不合适
1,有合适我要漂亮的吧不骗我不要不
1,啊有合适了是吗
6,不是合适我我的要求都没说了你们怎么解决的是合资的了
6,他不是说要合适的吗
6,你怎么觉得他合适呢
5,整体都比较合适
3,嗯有合适的再说吧
2,可不合适也不知道我没有生我退了下来就卸掉了没有登
1,嗯之后再说吧好的谢谢
1,嗯行再说吧好谢谢了啊
3,哦再说吧谢谢你嗯
3,到时候再说吧啊说吧谢谢你啊谢谢
1,嗯那再说吧谢谢
1,再说吧嗯谢谢你
1,行行行再说吧再说吧好好好谢谢啊唉拜拜
1,啊再说吧好吧谢谢
1,嗯再说吧好谢谢啊
3,那你能再说吧谢谢你啊
1,啊行那好的再说吧谢谢
3,再说吧谢谢了啊在玩着
1,好的好的谢谢啊再说吧
1,好到时再说好谢谢啊
1,好吧好吧再说吧好谢谢
2,不用了不用需要再直接给那个
2,不需要没有了不用了
2,哦不用不用了不用了不需要了不需要好好不需要了
2,嗯不用不需要了嗯
2,啊不用不用不需要我没有家了是什么正在玩
2,喂哦不用了不需要了
2,不用了不用了就不需要
2,不用谢谢啊我不需要
2,不用了我现在不不需要了
5,哦哦哦是什么呢你们这是啥红叶啥子
6,你现在你你说我们担心是啥子啥情况你说说呀
6,我都没听懂你你跟我说你啥子嘛你
1,诶行行行诶地址是什么地址呢你上次给我发来有啥子忘了
6,喂你好你你是弄啥子的
3,到时候再说吧哈给我打电话再说哈我现在有事
3,到时候再说吧现在有事干吗
1,好的我现在正在有事社会再说吧
3,到时候再说吧我现在有事
14,下次再说吧好吧我现在忙着有事
3,我现在有事好行再说好吧
3,那到时候再说吧因为我现在在那个外面哈有事
1,行那以后再说吧现在我现在有事呢现在不方便
2,不用了我我我不在家那个网
6,啊是在家吗嗯我现在等着给本人接电话啊
4,我这两天没在家在外地不太熟啊好了
1,好呀是这样子在家
1,噢行我我有需要我在家打个电话找你吧好吗谢谢
1,好的好的事我在家啊
1,你在家呀那我就可以在可以的
6,我现在没在家我在宁波这边
4,我在家没扣啊我要上班没时间跟你聊天不好意思啊
1,行行行但是我最近很忙在家我在做活动
14,好吃饭直接说完哈
4,我想我想要是在吃饭你那就正好来说嘛哈
1,行好的我在吃饭呢啊
1,可以现在还在吃饭哈不好意思啊可以的啊
4,哎吃饭了吧这个不太现实
5,我现在已经上传了那个吃饭哦
3,到时候再说吧好吧我现在在吃饭
14,我可以啊我现在正在吃饭有点吵
3,这不都是马竞今晚吃饭了获得九后面再说吧好吧
46,现在吃饭的这算是谁
4,哦我现在吃饭了哦
16,好我不在广州我在昆明
1,好的不过我现在在广州
6,我说你们深圳的还是广州的
2,不用了太远了你广州
6,你是在广州那边吗
6,哦因为我现在没在深圳那边了我在广州增城这边
6,就是你这个是号码是那广州的电话为什么
6,哎哎是这样的你怎么是广州但是是在广州吗你们重复
1,好的好的好的你你食在广州
6,我觉得有点奇怪怎么是广州的呢
1,可以你们都是这个广州深圳的这个电话号码
6,嗯你们是哪的广州的
34,后后期再说吧我最近可能比较忙没有什么时间回来再说好吧这是
4,不好意思现在我这一段时间过年了我们比较忙但是不可能没事情
2,不用我慢慢聊有时候比较忙因为啥这个也不急问
1,啊可以那我可能刚来吗现在时间工作比较忙稍稍晚一点
34,下个月的吧好吧我这个月比较忙
1,好的那要不还下吧明年吧我今天现在暂时最近比较忙可能没什么时间
4,不好意思我现在没有时间忙着呢
4,我说你们那还得去我没有时间去
4,呃有时候都没有了时间了
14,好的我感觉我也没有时间去那个
1,可以现在因为我没有时间上那个网吗
6,我现在跟你说吧跟你说个事情吗
1,好的好的现在我有点事情
1,好的好的我现在有事情
1,好的好的谢谢我现在有事情啊先这样好吗
1,好的好的好的等过完年之后小朋友现在在老家有点事情哦
1,哦好好好我现在有点事情好吧啊好啊
6,哦你说你打电话就说这个事情是吗
5,怎么什么事情啊我我现在我我就想我之前我是见
4,我现在有事情好吧知道了
6,喂我支付我没有开通那个
1,可以让我好像没有开通是吗没有弄过我不知道啊
1,可以但是那个你那个就是看别人那个收件箱或者是开通那个的话我还没我都没开通的话你们也可以开始也可以给我们这些客户这么服务吗
6,那邓外网开通也几百块钱的啊
2,啊我那个车网还没注册还没那个开通会员啊
6,我没有开通会员啊
6,我没有开通会员
1,那个好好可以因为我注册我好像没有开通会员
6,你知道为什么非要开通会员然后才可以聊天呢
1,可以的因为我看到你们看那个信要开通会员
1,可以但是我不会开通了
6,他说还要是还要开通了会员是吧
2,哦我没有一个我好像是没有开通还是什么我只是注册了我没有开通那个会员
5,上次上次弄了两个直接给我这个月
6,不是直接在a p p上看就行了吗
6,呃不是指它这上面直接看了吗还有电话通知的吗
6,就是就直接这么聊就行了吗还有什么其他的吗
6,好像就是直接在老三那里就可以了吗
5,他那个里面直接直接他有有工作我我就能看见吗不可以吗
1,直接联系就好了哇
1,就直接打电话吧好吧
1,好好那就直接拉黑
2,呃我我直接下载完了
2,我我我我我想问你一下我那个账户注销之后我直接照片什么的是不也能跟着就消失了
1,可以直接可以给我打电话吗
6,啊我你直接说嘛我就我就你直接说什么意思啊
1,可以的我这两天没家门口我到时候的话呢我下载个a p p我还在上面可以直接给联系是吗
2,算了算了五二是吗
2,算了算了不算了
2,啊算了算了给我取消了
2,算了算了你挂赶紧过来
2,算了算了不讲啊
6,这是什么这是干嘛呢
2,嗯嗯不是的那我就不去上课我上来干嘛
6,你在干嘛呀我都没找你做什么了
6,啊你是谁呀你干嘛呀你
1,可以可以现在这边干嘛不好意思
2,先先不用了吧这都听到了干嘛了我现在
6,是什么情况你现在打这个电话可不可以告诉我你是要干嘛
1,你等我电话干嘛你就可以
6,我说你是干嘛打电话
6,您这个字然后通知通过之后呢是干嘛呀
2,你什么意思啊我我有媳妇你干嘛老是打电话
6,嗯电话和情况干嘛
6,什么意思啊我不知道你在干嘛呀
1,可以吧可以吧你说再说吧我这生意干嘛了啊有点事啊不好意思啊
6,不是你是干嘛了
5,啊我想请问那就是吧
6,我我请问一下为什么我没见那个网络进不去啊
6,嗯请问您是谁呀
2,好谢谢请问我好像是应该是别人帮我注销了吧
16,好请问你们说那个看看还不行吗
6,嗯我说请问你是哪一位呀
5,请问我的这个网络的食品的食品类目打不开了
6,对呀就是我这个上传头像还没有过请问后后台帮我审核一下
1,啊请问您啊行好嘞
5,那请问一下说的游轮吃的
34,请问这两天忙没听错什么的登陆那个弄好了以后联系
16,好请问你是别人给我超过了我再看
2,毕业了不用了谢谢啊
2,啊这就不用这个了谢谢啊g a pp上发过
2,不用了还有什么没叫
2,不用了不用了算了我主动点开看一下因为网上的话不太相信
2,这不用了我也没想走
2,不用我只是上去看一下而已
2,不用了不用了谢谢我我看一下损失两下而已了谢谢
2,不用了没放没送来
2,不用了不用了昨天刚刚交了一个女朋友
2,啊不用了不用了我只是想上节目录制
2,不用了不用了我现在不想关注那个好谢谢
2,呃不用不用哈我知道你们的那个泉州公司那个有空会过去你那边看一下
2,我想不用了吧那个东西写着玩呢
2,不用了那个这这块不了解
2,不用不用那玩的那个小偷的
2,没事不用不用那个只是注册完了
2,呃那个谢谢你先不用了
16,可以不会是骗子吧
2,不用了我感觉上面都是骗子的多就是旺铺我不小心别光啊
16,可以但是现在的骗子多
2,搞错了我这个骗子什么人都打电话
1,可以呀你不是骗子吧
6,我说骗子太多了
6,我这边我以为是骗子啊什么花呗消费那消费我就没有加
6,你们不是骗子吧
1,可以啊是不是骗子啊这个
2,不想搞了都是骗子
3,那到时候再说吧现在现在先听网上也有得不太现实都是骗子太多
6,我先这样子不会遇到骗子了
16,可以我就想问问你们是真的吗不是骗子吧
6,你是给我介绍对象吗
2,我的意思就是说我家里面今天已经帮我介绍对象啊
6,我想帮我介绍对象没有
6,嗯他你介绍对象啊
6,就是要给我介绍对象吗
6,啊没错你要给我介绍对象吗
1,可以打开你给我介绍对象了
1,可以可以给我介绍对象吧
6,啊你们还介绍对象的呀
6,什么合适对象你怎么介绍
6,哦你是介绍对象的是吧
6,哦要要介绍对象是吧
6,还有快递啊你帮我介绍了一个对象是吧
6,呃介绍对象是吧
1,哦好的好的好谢谢啊再见
1,啊好的好的谢谢啊再见啊
5,谢谢谢谢啊再见
1,好的谢谢我现在在忙啊好再见
1,好的好的好的谢谢啊现在我这会儿在上课再见
2,好再见不用了谢谢拜拜
2,我这个电话你就不需要再打了有这样吧谢谢再见
5,啊谢谢你啊好再见
1,好再见吧好吧谢谢啊
1,好再见啊谢谢了啊
2,我暂时不用谢谢啊再见
1,好好好那就这样了
1,好好好就这样吧好我都开车谢谢好
1,哦好好好就这样啊
1,啊好好好那先这样我忙啊
5,啊这样他就知道他都有跟我们工作人员都好好的
1,好好先这样啊我现在在忙哈
1,好好就这样是我现在这qq好
1,好的好的好的好好就这样吧啊
1,好好好就这样吧我有点忙
1,好好好我也在开车啊就这样
1,好好好好那你先这样吧因为我现在在忙好吧
1,好好那先先这样吧谢谢啊
1,好好是这样我在上班
1,好好我现在忙啊就这样
1,好好好好好是这样我忙着然后做过
1,好的好的好好现在这样好好
1,诶好那好好就这样啊
2,刚刚已经有有那个有老子打电话给我了呀
5,那么你刚刚说我没
5,我刚刚有说是吗
5,哦我是刚刚去帮助年龄幺九有一两个人法加工有联系
5,啊不是你刚刚你所说的是珍爱网吗
6,你好像刚刚问过这个问题
5,嗯根据情况了我因为我上网我待我才开始刚刚我都我先了解一下
1,刚刚我去南宁来再和你们联系吧好吧
6,呃没什么意思啦刚刚
2,我现在我现在还没有打算把朋友的那个那个金立因为我现在把把尽力全部投生在工作上面的而且我现在也是刚刚就是刚刚才找到了医生工作在试用期嘛
1,好的好的再见啊刚刚把它关掉
3,啊那到时候再说吧我现在一个在摆的刚刚有个白
1,可以没问题你哪了你哪的我刚刚没听清楚不好意思
2,啊我不需要不用打了等了我刚刚玩呢
1,行啊你把刚才的话重复一遍我没听明白再重复一遍是不是叫清楚一点
6,没听清楚再说一遍
6,哎我你再说一遍
6,什么情况你说再说一遍
6,你的意思你你再说一遍我还没听懂你说
6,我没有听清楚再说一遍
6,你再说一遍我平衡啊我出来了
6,我问你你是你你说是什是什么你再说一遍好吗
6,你是我没听清楚你再说一遍
6,什么啊再找一遍
6,我没听懂你再说一遍
6,你这边有一对一的活动吗
6,我是在南京这边
1,可以好吧这边我在忙啊
5,嗯这次备案我给你把我都多想把还就是说我现在是三分啊只是说有还我买的啊我现在广州这边打工在这边帮宝啊
6,你们这边都是人的那个打电话吧
6,啊就最好是山西太原这边了附近的
6,哦你这边如果是远的我就我就我就不过去了你是不在泉州这边吗
6,嗯你这边只要打电话的目的是什么
6,可是我们这边的是吧是我们泉州的是吧
5,嗯你们这边什么我忘了
5,我这边已经好久了你能这个同事太多了好吗
4,你说吧我先忙嗯
1,好的好的那先这样了啊好吗我现在先忙一点啊
1,好我先忙好谢谢
1,好的好的谢谢好那我先忙了啊再见
1,好的好的那我先忙
1,好的先这样啊我先忙了
1,好吧好吧那先挂了先忙
1,嗯好我先忙了没空
1,好行行行行先忙着啊
1,嗯好好好我先忙
1,好的好的我先忙啊
1,好的谢谢啊先挂了我先忙吗
1,好的只能我先忙了啊好好
6,嗯你刚才说你是哪儿啊
1,好的您是您是哪儿的
6,我说你们是哪儿的
1,好的那谢谢你了你是你是哪儿珍爱网
1,好可以就是您是哪儿了
6,问你去哪儿啊什么破啦你给我打电话
6,不是您是哪儿不好意思您是哪
6,啊咱是哪儿的呀
6,哎你是哪儿了女士
1,啊啊可以你去哪儿
6,不是你这是哪儿啊
6,啊什么意思你是哪儿呀
2,那有人用我的手机号登记的吧我我孩子都两个了什么担心啊
1,好的但是你们这边天天有人打电话过来吗
5,你听有人在拿了吗我们见你给我看深圳的吗
2,你们之前已经有人给我打过电话了
5,可是我条件都还没有写清楚那上面什么都没写的为什么你们会有人就关注我了
1,好的我那里面有人关注吗
5,对对对我这我这我我那个侄女你知道没有我就是想上网的也参加呢第二天看有人介绍给他就
1,好好好有人在网吗
1,好谢谢你哎有有人有需要的话再来让我上网上去吧
5,不是我们注册过会员啊
16,哦好吧不是要住宿会员吗
16,好但是我不是会员
2,啊你们那个上面不是需要会员才能和人家联系吗
6,不是你们这不是那个嘛要要办了个会员的吗会员就是
6,哎你还要资料吗
6,你正好是在我里面有那个资料吗
6,我没钱怎么资料
5,后续啊我我现在资料还没有好跟我弄好了认证啊在在那个据说明就这样行吗
2,啊你可以帮我取消这份资料吗
14,啊好我现在在忙晚点
1,ok好好我现在在开会晚点再联系拜拜
2,啊你打错了吧跟他说的话嘞你搞错了吧
2,不用不用了谢谢您啊哎搞错了
2,不用了我搞错了
2,啊可以搞错了吧
2,你搞错了我是男士
2,没有啊不用不用我这边是不是搞错了我没有啊我我听老婆来小孩都有了
2,啊其实我手机ipad就是那个密码忘了丢了所以我没法下载你们那个软件
2,哦哦因为我手机最近系统太卡了我都没下载现在上不去啊
6,哎我现在我就想那个下载那个ap我下载不了不会下载
1,可以啊但是我没有下载你们那个a p
2,我没有我没有下载下来好像
6,哦不过但是你们那个互联网我我那个下载了但是怎么下载不了呢这样网
2,我我没下载那个东西我就是
1,到时候再说吧我那时候只是觉得好玩了下载的一个
2,我是下载a p p我最近下载个a p p呀我之前我知道呀他们你们有过联系过啊
1,好的我那个不是不能下载然后我又没笑的我也没注册
2,啊不好意思我那天可能下班可能乱点我就没下载啊
1,好吧好吧啊我好我有下载吗我都忘记了
2,算了吧那会是在躲殷商看到了然后我随便填了一个电话号码我也没有下载那些被卖往联系看没有去关注十七呃以后就不用帮我那个好吗
5,那个那个我没注册呀好像昨天晚上注册的
1,可以我就是注册了我又下来了那个我当时我也不会弄房子
2,啊你那个注册注册那个账号不需要了啊我我就是注册看一下的好吧
5,啊我回到这这几天我就是在那个有一个那个有缘网上注册的
2,我暂时不考虑因为我那天注册是那个给看那个看那个什么太多影响然后注册的
1,好可以可以但是这边就是说那个那上次我注册了好像没有注册到不知道没下没下下来还是这么远什么原因啊
5,那个时代网是不是我昨天刚注册的那个
5,我那个网的注册的吧
5,嗯你你说我已经注册了一点联系也特别急那个名字
5,嗯注册只是完善那个我不希望你们那边介绍很像
14,啊行吧现在不方便好吧现在我是开会呢
1,可以跟因为我现在正在开会
1,好好不能再在开会在开会啊
4,我现在在开会先不讲这个字啊
1,好的好的我现在在开会不好意思啊等一下再说吧
1,可以可以我在开会不好意思
1,嗯好的好的我现在有点在开会呢
1,哦好嘞好嘞好嘞我明白为多年了
6,五十二小时你说你说我没听明白啥意思啊
5,我不知道这个手机怎么完善呢我不明白
5,啊我是用手机的明白吗
5,哦我们明白不怎么高呢
6,你是谁我们明白是啥意思
1,好好好那我明白了
1,明白知道了好的
5,哦我明白啥哦知道了
1,现在不方便等以后有的话再打电话吧
2,啊暂时不用了不管他不管的话
1,这个的话过完年之后再联系吧好吧谢谢哈
1,可以呀但是我现在的话蛮横
2,可能是点错了吧这边的话因为手机机上还有小孩子在玩
16,对那那那就那你先把那个美丽小姐接的电话号码先发给我一下然后我今天来聊聊如果觉得可以的话我再联系您好不好
1,可以因为你要打的话你最好是晚上答应单项上班电话不用带接不着
2,但是要是大去你们数字的话那就算了
2,先不用了谢谢因为我们线上的话就已经有那个有有聊的啊
5,不对最了解的话
5,我想我看我没有咨询我什么都没做
6,请问一下我我那会向你咨询一下
6,我说我想咨询一下
6,嗯我有事咨询你一下
6,嗯那想咨询几个问题哈
6,啊不是我想咨询的是呗
6,啊我现在想咨询到了
16,好的哎我还想咨询一下我怎么听有朋友说你们那骗人了是吗
5,我没有咨询一下
6,啊你想咨询什么
1,可以我我过来想咨询一下可以
1,就是好的好的到时候我再再打电话咨询你行吗
5,我咨询一下有假如是
1,可以的我现在有点忙不好意思啊
4,哦我到外面有点忙不好意思
3,到时候再说好的我现在上班有点忙不好意思啊
4,不好意思我有点忙谢谢
4,诶对我这边有点事不好意思啊
1,啊行行行现在有点忙不好意思啊
4,晓得我现在有点忙不好意思啊我现在在外面有点忙好吗
4,嗯对我现在有点忙哦不好意思
2,不是我没有注册过
5,啊不是我是说之前我是那个注册过
2,不是和我我没有孩子能注册的
5,不是无聊注册一下一些
2,不是你听我讲你听我讲一下我没有说我要注册是我家里人帮我注册的
2,不用了我就注册了不是我注册的啊
2,不是不是你说我在珍爱网注册了一个账号
2,不是啊那个我之前是给我妹妹注册的哈不是跟我自己注册的
2,不是那你这我这现在要注册是吧
5,哦哦有合适对象对象
2,哎我没对象已经找好了哈
6,你是说的对象是吧
6,我对象吗你说的
2,哦不用了谢谢我有对象
2,啊不用说了我应该有对象了啊
6,哎我我对那个对象的要求五点高
2,啊不用打了我有对象了
2,不是啊我有对象我
2,啊没事了没事但是那个玩玩的没事
2,麻烦无聊注册一下的而已没没事
2,别人给我打电话了没事没事啊我不需要
2,啊没事谢谢了啊
2,不用了不用了我已经把那个删了我就是无聊下载了一下午在家没事没事不用再给我打电话了
2,啊不用了没事的谢谢啊
2,没事的我找不找都行
2,啊对呀对呀没事
2,啊没事没事我就随便你吧我没事啊
1,好了好了好我知道了谢谢
1,嗯好的我知道了嗯谢谢谢谢好的
1,好的好的我知道了谢谢你
1,好的我知道了谢谢你
1,可以谢谢啊因为我那天是注册了我知道了谢谢你谢谢你
1,好我知道了谢谢
5,哦知道了谢谢啊
1,可以行我知道了谢谢
5,哦哦知道了谢谢啊
1,啊好的知道了谢谢
1,行我知道了好的谢谢
16,可以我跟要求有个条件就是
5,他怕他妈条件啊
6,这有什么条件吗
1,行反正我现在不要求你介绍的借条是借什么条件差不多呢哈
6,你是什么什么平台
6,你是平台的吗还是什么
16,可以啊你们是哪个平台等一下
16,可以我想知道你们是哪个平台
6,我说你这边是什么平台
6,我是想请问一下你是哪个平台的
6,原来是什么平台啊
6,我想问一下那个那个要做平台这个
2,不用打电话吧那不是一个平台吗就是网络的联系了
2,你好就是不想不现在你们平台早不用了
1,可以啊不需要我过去就好了
5,嗯公公给你送过去活动你也打电话意思是六零
1,稍等一下我等一下再给我跟你打过去好吧
1,行行行我就想过去看一下行吗
5,你知道吧啊啊我过去了过去了啊你们玩吧好好你玩玩吧好吧啊
2,好到时候再讲吧我还没有打算结婚呢
5,你把错的吗打过来打算
2,我说过不打算走找一下
2,不要打不起啊我我不没打算结婚
2,我呢就是偶尔注册一下我这没打算这是
2,不好意思啊我现在没打算多少对象咯
2,啊目前没这个打算好吧
1,可以可以没有问题我正打算这两天办会员呢
2,不需要我没打算找我是不是好玩那天
2,我说我不打算找现在
6,你是真爱网上是吧
2,看看这个网上的东西不太感兴趣
2,哦我那个网上不是没登没登录上吗
6,你这个现场搞的还是网上啊
6,啊你就是真爱网上的
2,哦那个我是用的那你是交易为什么不啦后来我就在网上了吗吧
2,啊不用了我看到网上说都是这个都是假的所以我ip多少
2,哦那个暂时不需要了嗯
2,啊我暂时不需要了谢谢
2,嗯我这边暂时不需要了
2,啊我暂时不需要了谢谢你
2,就是现在暂时不需要哈
2,好像是暂时不需要谢谢啊
2,暂时不需要吧我暂时不考虑些
2,就是暂时不需要好吧谢谢
2,不用了不用了我自己看就可以了
2,不用了不用了我自己找吧
2,嗯不用我自己会看的谢谢啊
2,不用了我自己看就行
2,嗯不用了我自己看吧好
2,不用打自己坑就好了
2,啊不用了谢谢我不需要我自己有办法
2,不用了我自己找吧
2,这个不用的吧我自己打吧
2,嗯自己往上看吧不用了
2,不用了谢谢啊不用谢谢啊
2,可以不用了谢谢啊
2,谢谢谢谢不用了不用了因为我这上面看看吧
2,我现在不是的早有了不用了谢谢
6,哎你听不到我说话吗
5,我听不到你说笑话我是老太婆要七十级认证
5,怎么接着倒也是接不到呢
6,我注册完之后为什么查找不到那个网页了
1,行那五大听不到
5,嗯不错不不到不到
5,那现在就是也好了听不到啊明天听了一遍
6,哎呀我都听不到呢我问你你要不回复我问你是不是真爱
5,你听不到太小众了
4,哦哦我现在这里很吵我听不到啊
6,你说什么我听不到
4,我知道情况就是得去牛啊我没时间去了那我先去联系不到吧
5,三四块钱不到吧
2,不行就已经了所以说
2,我不是了不行的不用了啊谢谢啊
2,这个不行的话不需要了现在现在不在一个已婚了不学了
2,我不行不行就我们自己聊好不好
2,不行我不知道你弄啥的不都照
2,啊不需要不小了不行好谢谢啊
4,那好不信号不行了我回家乡差不多了
2,不行不行不行我看一下好好比较复杂的
